SET NAMES 'utf8';

USE db_cz_cms;

SET FOREIGN_KEY_CHECKS = 0;


-- ----------------------------
-- 导入默认数据
-- ----------------------------
-- 系统角色
INSERT INTO `db_cz_cms`.`role` (`id`, `name`, `mark`, `description`, `status`, `show_index`, `creator`, `updator`, `create_date`, `update_date`) VALUES ('1', '超级管理员', 'ROLE_SUPER_ADMIN', '超级管理员角色，可访问管理所有功能页面，一般分给开发人员', '0', '1', '1', NULL, '1970-01-01 00:00:00', NULL);
INSERT INTO `db_cz_cms`.`role` (`id`, `name`, `mark`, `description`, `status`, `show_index`, `creator`, `updator`, `create_date`, `update_date`) VALUES ('2', '系统管理员', 'ROLE_ADMIN', '系统管理员', '0', '2', '1', NULL, '1970-01-01 00:00:00', NULL);



-- 系统用户认证
INSERT INTO `db_cz_cms`.`system_user_auth` (`id`, `login_name`, `password`, `status`, `creator`, `create_date`, `login_date`, `update_pass_date`) VALUES ('1', 'superadmin', '96e79218965eb72c92a549dd5a330112', '0', '1', '2016-09-27 15:24:39', '2016-09-29 13:18:48', '2016-09-27 15:24:44');
INSERT INTO `db_cz_cms`.`system_user_auth` (`id`, `login_name`, `password`, `status`, `creator`, `create_date`, `login_date`, `update_pass_date`) VALUES ('2', 'admin', '96e79218965eb72c92a549dd5a330112', '0', '1', '2016-09-27 15:24:39', '2016-09-27 15:24:42', '2016-09-27 15:24:44');

-- 系统用户
INSERT INTO `db_cz_cms`.`system_user` (`id`, `auth_id`, `name`, `creator`, `phone`, `email`, `user_type`, `organization_id`, `sn`) VALUES ('1', '1', '超级管理员', '1', '', '', '1', '0', '001');
INSERT INTO `db_cz_cms`.`system_user` (`id`, `auth_id`, `name`, `creator`, `phone`, `email`, `user_type`, `organization_id`, `sn`) VALUES ('2', '2', '系统管理员', '1', '15608221361', '123@qq.com', '1', '0', '002');



-- 系统用户角色
INSERT INTO `db_cz_cms`.`system_user_role` (`id`, `auth_id`, `role_id`) VALUES ('1', '1', '1');
INSERT INTO `db_cz_cms`.`system_user_role` (`id`, `auth_id`, `role_id`) VALUES ('2', '2', '2');

-- 系统菜单
INSERT INTO `db_cz_cms`.`system_menu` (`id`, `parent_id`, `sn`, `name`, `description`, `target_url`, `icon_url`, `show_index`, `type`, `method`, `status`, `creator`, `updator`, `create_date`, `update_date`) VALUES ('1', '0', '01', '系统根', '系统根', '/', NULL, '0', '0', '0', '0', '1', NULL, '1970-01-01 00:00:00', NULL);
INSERT INTO `db_cz_cms`.`system_menu` (`id`, `parent_id`, `sn`, `name`, `description`, `target_url`, `icon_url`, `show_index`, `type`, `method`, `status`, `creator`, `updator`, `create_date`, `update_date`) VALUES ('2', '1', '0101', '后台根', '后台根', '/index', '', '0', '0', '0', '0', '1', '1', '1970-01-01 00:00:00', '2016-10-17 17:09:23');
INSERT INTO `db_cz_cms`.`system_menu` (`id`, `parent_id`, `sn`, `name`, `description`, `target_url`, `icon_url`, `show_index`, `type`, `method`, `status`, `creator`, `updator`, `create_date`, `update_date`) VALUES ('3', '1', '0102', '前台根', '前台根', '/home', NULL, '0', '0', '0', '0', '1', '1', '1970-01-01 00:00:00', '2014-10-09 17:22:42');
INSERT INTO `db_cz_cms`.`system_menu` (`id`, `parent_id`, `sn`, `name`, `description`, `target_url`, `icon_url`, `show_index`, `type`, `method`, `status`, `creator`, `updator`, `create_date`, `update_date`) VALUES ('4', '2', '010101', '系统管理', '系统管理', '/sys', '&#xe62e;', '99', '0', '0', '0', '1', '1', '1970-01-01 00:00:00', '2016-10-17 16:58:29');
INSERT INTO `db_cz_cms`.`system_menu` (`id`, `parent_id`, `sn`, `name`, `description`, `target_url`, `icon_url`, `show_index`, `type`, `method`, `status`, `creator`, `updator`, `create_date`, `update_date`) VALUES ('5', '4', '01010101', '菜单管理', '菜单管理', '/menu/listPage', NULL, '1', '0', '0', '0', '1', NULL, '1970-01-01 00:00:00', NULL);
INSERT INTO `db_cz_cms`.`system_menu` (`id`, `parent_id`, `sn`, `name`, `description`, `target_url`, `icon_url`, `show_index`, `type`, `method`, `status`, `creator`, `updator`, `create_date`, `update_date`) VALUES ('6', '4', '01010102', '角色管理', '角色管理', '/role/listPage', '', '2', '0', '0', '0', '1', '1', '1970-01-01 00:00:00', '2016-10-17 16:57:07');
INSERT INTO `db_cz_cms`.`system_menu` (`id`, `parent_id`, `sn`, `name`, `description`, `target_url`, `icon_url`, `show_index`, `type`, `method`, `status`, `creator`, `updator`, `create_date`, `update_date`) VALUES ('7', '4', '01010103', '用户管理', '用户管理', '/user/listPage', NULL, '3', '0', '0', '0', '1', NULL, '1970-01-01 00:00:00', NULL);
INSERT INTO `db_cz_cms`.`system_menu` (`id`, `parent_id`, `sn`, `name`, `description`, `target_url`, `icon_url`, `show_index`, `type`, `method`, `status`, `creator`, `updator`, `create_date`, `update_date`) VALUES ('8', '5', '0101010101', '新增菜单', '新增菜单', '/menu/add', '', '1', '1', '1', '0', '1', NULL, '2016-10-19 10:52:40', NULL);
INSERT INTO `db_cz_cms`.`system_menu` (`id`, `parent_id`, `sn`, `name`, `description`, `target_url`, `icon_url`, `show_index`, `type`, `method`, `status`, `creator`, `updator`, `create_date`, `update_date`) VALUES ('9', '5', '0101010102', '编辑菜单', '编辑菜单', '/menu/update', '', '2', '1', '1', '0', '1', '2', '2016-10-19 10:53:01', '2017-04-06 11:24:57');
INSERT INTO `db_cz_cms`.`system_menu` (`id`, `parent_id`, `sn`, `name`, `description`, `target_url`, `icon_url`, `show_index`, `type`, `method`, `status`, `creator`, `updator`, `create_date`, `update_date`) VALUES ('10', '6', '0101010201', '添加角色', '添加角色', '/role/add', '', '1', '1', '1', '0', '1', NULL, '2016-10-19 10:53:37', NULL);
INSERT INTO `db_cz_cms`.`system_menu` (`id`, `parent_id`, `sn`, `name`, `description`, `target_url`, `icon_url`, `show_index`, `type`, `method`, `status`, `creator`, `updator`, `create_date`, `update_date`) VALUES ('11', '6', '0101010202', '编辑角色', '编辑角色', '/role/update', '', '2', '1', '1', '0', '1', NULL, '2016-10-19 10:53:56', NULL);
INSERT INTO `db_cz_cms`.`system_menu` (`id`, `parent_id`, `sn`, `name`, `description`, `target_url`, `icon_url`, `show_index`, `type`, `method`, `status`, `creator`, `updator`, `create_date`, `update_date`) VALUES ('12', '6', '0101010203', '角色授权', '角色授权', '/role/setRoleMenu', '', '3', '1', '1', '0', '1', NULL, '2016-10-19 10:54:54', NULL);
INSERT INTO `db_cz_cms`.`system_menu` (`id`, `parent_id`, `sn`, `name`, `description`, `target_url`, `icon_url`, `show_index`, `type`, `method`, `status`, `creator`, `updator`, `create_date`, `update_date`) VALUES ('13', '7', '0101010301', '新增用户', '新增用户', '/user/add', '', '1', '1', '1', '0', '1', NULL, '2016-10-19 10:56:40', NULL);
INSERT INTO `db_cz_cms`.`system_menu` (`id`, `parent_id`, `sn`, `name`, `description`, `target_url`, `icon_url`, `show_index`, `type`, `method`, `status`, `creator`, `updator`, `create_date`, `update_date`) VALUES ('14', '7', '0101010302', '编辑用户', '编辑用户', '/user/update', '', '2', '1', '1', '0', '1', NULL, '2016-10-19 10:57:06', NULL);
INSERT INTO `db_cz_cms`.`system_menu` (`id`, `parent_id`, `sn`, `name`, `description`, `target_url`, `icon_url`, `show_index`, `type`, `method`, `status`, `creator`, `updator`, `create_date`, `update_date`) VALUES ('15', '7', '0101010303', '启用', '启用用户', '/user/setRoleEnable', '', '3', '1', '1', '0', '1', NULL, '2016-10-19 10:58:02', NULL);
INSERT INTO `db_cz_cms`.`system_menu` (`id`, `parent_id`, `sn`, `name`, `description`, `target_url`, `icon_url`, `show_index`, `type`, `method`, `status`, `creator`, `updator`, `create_date`, `update_date`) VALUES ('16', '7', '0101010304', '禁用', '禁用用户', '/user/setUserDisable', '', '4', '1', '1', '0', '1', NULL, '2016-10-19 10:58:32', NULL);
INSERT INTO `db_cz_cms`.`system_menu` (`id`, `parent_id`, `sn`, `name`, `description`, `target_url`, `icon_url`, `show_index`, `type`, `method`, `status`, `creator`, `updator`, `create_date`, `update_date`) VALUES ('17', '4', '01010104', '系统参数', '系统参数', '/systemConfig/listPage', '', '4', '0', '0', '0', '1', '1', '2016-10-19 10:59:17', '2016-10-19 11:00:19');
INSERT INTO `db_cz_cms`.`system_menu` (`id`, `parent_id`, `sn`, `name`, `description`, `target_url`, `icon_url`, `show_index`, `type`, `method`, `status`, `creator`, `updator`, `create_date`, `update_date`) VALUES ('18', '17', '0101010401', '添加', '添加系统参数', '/systemConfig/add', '', '1', '1', '1', '0', '1', NULL, '2016-10-19 10:59:44', NULL);
INSERT INTO `db_cz_cms`.`system_menu` (`id`, `parent_id`, `sn`, `name`, `description`, `target_url`, `icon_url`, `show_index`, `type`, `method`, `status`, `creator`, `updator`, `create_date`, `update_date`) VALUES ('19', '17', '0101010402', '修改', '修改系统参数', '/systemConfig/update', '', '2', '1', '1', '0', '1', NULL, '2016-10-19 11:00:04', NULL);
INSERT INTO `db_cz_cms`.`system_menu` (`id`, `parent_id`, `sn`, `name`, `description`, `target_url`, `icon_url`, `show_index`, `type`, `method`, `status`, `creator`, `updator`, `create_date`, `update_date`) VALUES ('20', '4', '01010105', '日志管理', '日志管理', '/operationLog/operationLogList', '', '5', '0', '0', '0', '1', NULL, '2016-11-02 10:28:45', NULL);
INSERT INTO `db_cz_cms`.`system_menu` (`id`, `parent_id`, `sn`, `name`, `description`, `target_url`, `icon_url`, `show_index`, `type`, `method`, `status`, `creator`, `updator`, `create_date`, `update_date`) VALUES ('21', '4', '01010106', '机构管理', '机构管理', '/organization/listPage', '', '6', '0', '0', '0', '1', '1', '2016-10-19 10:59:17', '2016-10-19 11:00:19');
INSERT INTO `db_cz_cms`.`system_menu` (`id`, `parent_id`, `sn`, `name`, `description`, `target_url`, `icon_url`, `show_index`, `type`, `method`, `status`, `creator`, `updator`, `create_date`, `update_date`) VALUES ('22', '21', '0101010601', '添加', '添加机构', '/organization/add', '', '1', '1', '1', '0', '1', NULL, '2016-10-19 10:59:44', NULL);
INSERT INTO `db_cz_cms`.`system_menu` (`id`, `parent_id`, `sn`, `name`, `description`, `target_url`, `icon_url`, `show_index`, `type`, `method`, `status`, `creator`, `updator`, `create_date`, `update_date`) VALUES ('23', '21', '0101010602', '修改', '修改机构', '/organization/update', '', '2', '1', '1', '0', '1', NULL, '2016-10-19 11:00:04', NULL);
INSERT INTO `db_cz_cms`.`system_menu` (`id`, `parent_id`, `sn`, `name`, `description`, `target_url`, `icon_url`, `show_index`, `type`, `method`, `status`, `creator`, `updator`, `create_date`, `update_date`) VALUES ('24', '21', '0101010603', '删除', '删除机构', '/organization/del', '', '3', '1', '1', '0', '1', NULL, '2016-10-19 11:00:04', NULL);
INSERT INTO `db_cz_cms`.`system_menu` (`id`, `parent_id`, `sn`, `name`, `description`, `target_url`, `icon_url`, `show_index`, `type`, `method`, `status`, `creator`, `updator`, `create_date`, `update_date`) VALUES ('25', '4', '01010107', '字典管理', '字典管理', '/dictionary/listPage', '', '7', '0', '0', '0', '1', '1', '2016-10-19 10:59:17', '2016-10-19 11:00:19');
INSERT INTO `db_cz_cms`.`system_menu` (`id`, `parent_id`, `sn`, `name`, `description`, `target_url`, `icon_url`, `show_index`, `type`, `method`, `status`, `creator`, `updator`, `create_date`, `update_date`) VALUES ('26', '25', '0101010701', '添加', '添加字典', '/dictionary/addDictionary', '', '1', '1', '1', '0', '1', NULL, '2016-10-19 10:59:44', NULL);
INSERT INTO `db_cz_cms`.`system_menu` (`id`, `parent_id`, `sn`, `name`, `description`, `target_url`, `icon_url`, `show_index`, `type`, `method`, `status`, `creator`, `updator`, `create_date`, `update_date`) VALUES ('27', '25', '0101010702', '修改', '修改字典', '/dictionary/update', '', '2', '1', '1', '0', '1', NULL, '2016-10-19 11:00:04', NULL);
INSERT INTO `db_cz_cms`.`system_menu` (`id`, `parent_id`, `sn`, `name`, `description`, `target_url`, `icon_url`, `show_index`, `type`, `method`, `status`, `creator`, `updator`, `create_date`, `update_date`) VALUES ('28', '4', '01010108', '行政机构管理', '行政机构管理', '/administrativeManagement/listPage', NULL, '8', '0', '0', '0', '1', '1', '2017-08-28 10:11:38', '2017-08-28 10:11:47');
INSERT INTO `db_cz_cms`.`system_menu` (`id`, `parent_id`, `sn`, `name`, `description`, `target_url`, `icon_url`, `show_index`, `type`, `method`, `status`, `creator`, `updator`, `create_date`, `update_date`) VALUES ('29', '28', '0101010801', '添加', '添加', '/administrativeManagement/add', NULL, '1', '1', '1', '0', '1', NULL, '2017-08-30 10:06:53', NULL);
INSERT INTO `db_cz_cms`.`system_menu` (`id`, `parent_id`, `sn`, `name`, `description`, `target_url`, `icon_url`, `show_index`, `type`, `method`, `status`, `creator`, `updator`, `create_date`, `update_date`) VALUES ('30', '28', '0101010802', '编辑', '编辑', '/administrativeManagement/update', NULL, '2', '1', '1', '0', '1', NULL, '2017-08-30 10:08:04', NULL);
INSERT INTO `db_cz_cms`.`system_menu` (`id`, `parent_id`, `sn`, `name`, `description`, `target_url`, `icon_url`, `show_index`, `type`, `method`, `status`, `creator`, `updator`, `create_date`, `update_date`) VALUES ('31', '28', '0101010803', '删除', '删除', '/administrativeManagement/delete', NULL, '3', '1', '1', '0', '1', NULL, '2017-08-30 10:09:59', NULL);
INSERT INTO `db_cz_cms`.`system_menu` (`id`, `parent_id`, `sn`, `name`, `description`, `target_url`, `icon_url`, `show_index`, `type`, `method`, `status`, `creator`, `updator`, `create_date`, `update_date`) VALUES ('32', '4', '01010109', '区域机构管理', '区域机构管理', '/administrativeDivision/listPage', NULL, '9', '0', '0', '0', '1', '1', '2017-08-30 15:40:05', NULL);
INSERT INTO `db_cz_cms`.`system_menu` (`id`, `parent_id`, `sn`, `name`, `description`, `target_url`, `icon_url`, `show_index`, `type`, `method`, `status`, `creator`, `updator`, `create_date`, `update_date`) VALUES ('33', '32', '0101010901', '添加', '添加', '/administrativeDivision/add', NULL, '1', '1', '1', '0', '1', NULL, '2017-08-30 16:21:57', NULL);
INSERT INTO `db_cz_cms`.`system_menu` (`id`, `parent_id`, `sn`, `name`, `description`, `target_url`, `icon_url`, `show_index`, `type`, `method`, `status`, `creator`, `updator`, `create_date`, `update_date`) VALUES ('34', '32', '0101010902', '编辑', '编辑', '/administrativeDivision/update', NULL, '2', '1', '1', '0', '1', NULL, '2017-08-30 16:22:51', NULL);
INSERT INTO `db_cz_cms`.`system_menu` (`id`, `parent_id`, `sn`, `name`, `description`, `target_url`, `icon_url`, `show_index`, `type`, `method`, `status`, `creator`, `updator`, `create_date`, `update_date`) VALUES ('35', '32', '0101010903', '删除', '删除', '/administrativeDivision/del', NULL, '3', '1', '1', '0', '1', NULL, '2017-08-31 14:46:46', NULL);
INSERT INTO `db_cz_cms`.`system_menu` (`id`, `parent_id`, `sn`, `name`, `description`, `target_url`, `icon_url`, `show_index`, `type`, `method`, `status`, `creator`, `updator`, `create_date`, `update_date`) VALUES ('36', '7', '0101010305', '重置密码', '重置密码', '/user/resetPassword', '', '5', '1', '1', '0', '1', NULL, '2016-10-19 10:56:40', NULL);
INSERT INTO `db_cz_cms`.`system_menu` (`id`, `parent_id`, `sn`, `name`, `description`, `target_url`, `icon_url`, `show_index`, `type`, `method`, `status`, `creator`, `updator`, `create_date`, `update_date`) VALUES ('37', '7', '0101010306', '用户权限', '用户权限', '/user/setUsrRole', '', '6', '1', '1', '0', '1', NULL, '2016-10-19 10:56:40', NULL);
INSERT INTO `db_cz_cms`.`system_menu` (`id`, `parent_id`, `sn`, `name`, `description`, `target_url`, `icon_url`, `show_index`, `type`, `method`, `status`, `creator`, `updator`, `create_date`, `update_date`) VALUES ('38', '2', '010102', '居民信息管理', '对居民基本信息和扩展信息进行管理', '/info', '&#xe6b4;', '2', '0', '0', '0', '1', NULL, '2017-08-28 14:22:58', NULL );
INSERT INTO `db_cz_cms`.`system_menu` (`id`, `parent_id`, `sn`, `name`, `description`, `target_url`, `icon_url`, `show_index`, `type`, `method`, `status`, `creator`, `updator`, `create_date`, `update_date`) VALUES ('39', '38', '01010201', '基本信息管理', '', '/residentBase/listPage', '', '1', '0', '0', '0', '1', '1', '2017-08-28 14:25:38', '2017-08-30 10:36:58');
INSERT INTO `db_cz_cms`.`system_menu` (`id`, `parent_id`, `sn`, `name`, `description`, `target_url`, `icon_url`, `show_index`, `type`, `method`, `status`, `creator`, `updator`, `create_date`, `update_date`) VALUES ('40', '39', '0101020101', '添加', '添加居民基本信息', '/residentBase/addResidentBaseinfo', '&#xe600;', '1', '1', '1', '0', '1', '1', '2017-09-05 13:48:40', '2017-09-05 13:50:59');
INSERT INTO `db_cz_cms`.`system_menu` (`id`, `parent_id`, `sn`, `name`, `description`, `target_url`, `icon_url`, `show_index`, `type`, `method`, `status`, `creator`, `updator`, `create_date`, `update_date`) VALUES ('41', '39', '0101020102', '编辑', '修改居民基本信息', '/residentBase/addResidentBaseinfo', '&#xe6df;', '2', '1', '1', '0', '1', NULL, '2017-09-05 13:50:33', NULL);
INSERT INTO `db_cz_cms`.`system_menu` (`id`, `parent_id`, `sn`, `name`, `description`, `target_url`, `icon_url`, `show_index`, `type`, `method`, `status`, `creator`, `updator`, `create_date`, `update_date`) VALUES ('42', '39', '0101020103', '删除', '删除居民数据', '/residentBase/deleteResidentBaseinfo', '&#xe6e2;', '3', '1', '1', '0', '1', NULL, '2017-09-05 13:54:37', NULL);
INSERT INTO `db_cz_cms`.`system_menu` (`id`, `parent_id`, `sn`, `name`, `description`, `target_url`, `icon_url`, `show_index`, `type`, `method`, `status`, `creator`, `updator`, `create_date`, `update_date`) VALUES ('43', '39', '0101020104', '其他居民信息查询', '其他居民健康卡基本信息查询', '/residentBase/queryResidentBaseinfoById', '&#xe665;', '4', '1', '0', '0', '1', '1', '2017-09-05 13:57:55', '2017-09-05 13:59:30');
INSERT INTO `db_cz_cms`.`system_menu` (`id`, `parent_id`, `sn`, `name`, `description`, `target_url`, `icon_url`, `show_index`, `type`, `method`, `status`, `creator`, `updator`, `create_date`, `update_date`) VALUES ('44', '39', '0101020105', '导入', '导入居民数据', '/residentBase/importResident', '&#xe645;', '5', '1', '1', '0', '1', NULL, '2017-09-05 14:02:30', NULL);
INSERT INTO `db_cz_cms`.`system_menu` (`id`, `parent_id`, `sn`, `name`, `description`, `target_url`, `icon_url`, `show_index`, `type`, `method`, `status`, `creator`, `updator`, `create_date`, `update_date`) VALUES ('45', '39', '0101020106', '全部信息导入', '扩展信息和基本信息导入', '/importResident/batchAddResidentData', '&#xe645;', '6', '1', '1', '0', '1', '1', '2017-09-13 17:07:48', '2017-09-13 17:08:06');
INSERT INTO `db_cz_cms`.`system_menu` (`id`, `parent_id`, `sn`, `name`, `description`, `target_url`, `icon_url`, `show_index`, `type`, `method`, `status`, `creator`, `updator`, `create_date`, `update_date`) VALUES ('46', '4', '01010110', '信息日志', '信息日志', '/infoManagementLog/infoLogList', NULL, '8', '1', '1', '0', '1', NULL, '2017-08-29 17:11:57', NULL);
INSERT INTO `db_cz_cms`.`system_menu` (`id`, `parent_id`, `sn`, `name`, `description`, `target_url`, `icon_url`, `show_index`, `type`, `method`, `status`, `creator`, `updator`, `create_date`, `update_date`) VALUES ('47', '4', '01010111', '公告管理', '公告管理', '/notice/showNoticePage', NULL, '100', '1', '1', '0', '1', NULL, '2017-08-30 17:41:30', NULL);
INSERT INTO `db_cz_cms`.`system_menu` (`id`, `parent_id`, `sn`, `name`, `description`, `target_url`, `icon_url`, `show_index`, `type`, `method`, `status`, `creator`, `updator`, `create_date`, `update_date`) VALUES ('48', '38', '01010202', '居民扩展信息', '居民扩展信息', '/residentExtendinfo/listPage', NULL, '3', '1', '1', '0', '1', NULL, '2017-09-20 10:01:20', NULL);
INSERT INTO `db_cz_cms`.`system_menu` (`id`, `parent_id`, `sn`, `name`, `description`, `target_url`, `icon_url`, `show_index`, `type`, `method`, `status`, `creator`, `updator`, `create_date`, `update_date`) VALUES ('49', '48', '0101020201', '扩展信息导入', '居民信息的扩展信息导入', '/importResident/batchAddExtendinfo', '&#xe645;', '1', '1', '1', '0', '1', NULL, '2017-09-14 17:06:04', NULL);
INSERT INTO `db_cz_cms`.`system_menu` (`id`, `parent_id`, `sn`, `name`, `description`, `target_url`, `icon_url`, `show_index`, `type`, `method`, `status`, `creator`, `updator`, `create_date`, `update_date`) VALUES ('50', '2', '010103', '平台管理', '平台管理', '/platform', '&#xe681;', '7', '0', '0', '0', '1', '1', '2016-12-13 15:11:14', '2016-12-13 15:16:07');
INSERT INTO `db_cz_cms`.`system_menu` (`id`, `parent_id`, `sn`, `name`, `description`, `target_url`, `icon_url`, `show_index`, `type`, `method`, `status`, `creator`, `updator`, `create_date`, `update_date`) VALUES ('51', '50', '01010301', '平台管理', '平台管理', '/platform/platformListPage', '', '1', '0', '0', '0', '1', NULL, '2016-12-13 15:18:03', NULL);
INSERT INTO `db_cz_cms`.`system_menu` (`id`, `parent_id`, `sn`, `name`, `description`, `target_url`, `icon_url`, `show_index`, `type`, `method`, `status`, `creator`, `updator`, `create_date`, `update_date`) VALUES ('52', '51', '0101030101', '添加平台', '添加平台', '/platform/add', '', '1', '1', '0', '0', '1', NULL, '2016-12-15 16:51:04', NULL);
INSERT INTO `db_cz_cms`.`system_menu` (`id`, `parent_id`, `sn`, `name`, `description`, `target_url`, `icon_url`, `show_index`, `type`, `method`, `status`, `creator`, `updator`, `create_date`, `update_date`) VALUES ('53', '51', '0101030102', '编辑平台', '编辑平台', '/platform/update', '', '2', '1', '0', '0', '1', NULL, '2016-12-15 16:52:14', NULL);
INSERT INTO `db_cz_cms`.`system_menu` (`id`, `parent_id`, `sn`, `name`, `description`, `target_url`, `icon_url`, `show_index`, `type`, `method`, `status`, `creator`, `updator`, `create_date`, `update_date`) VALUES ('54', '51', '0101030103', '启用平台', '启用平台', '/platform/setPlatformEnable', '', '3', '1', '0', '0', '1', NULL, '2016-12-15 16:53:56', NULL);
INSERT INTO `db_cz_cms`.`system_menu` (`id`, `parent_id`, `sn`, `name`, `description`, `target_url`, `icon_url`, `show_index`, `type`, `method`, `status`, `creator`, `updator`, `create_date`, `update_date`) VALUES ('55', '51', '0101030104', '禁用平台', '禁用平台', '/platform/setPlatformDisable', '', '4', '1', '0', '0', '1', '1', '2016-12-15 16:55:30', '2016-12-15 16:55:49');
INSERT INTO `db_cz_cms`.`system_menu` (`id`, `parent_id`, `sn`, `name`, `description`, `target_url`, `icon_url`, `show_index`, `type`, `method`, `status`, `creator`, `updator`, `create_date`, `update_date`) VALUES ('56', '28', '0101010804', '信息授权', '查看信息授权', '/roleField/setRoleField', '', '4', '1', '1', '0', '1', '1', '2016-12-15 16:55:30', '2016-12-15 16:55:49');
INSERT INTO `db_cz_cms`.`system_menu` (`id`, `parent_id`, `sn`, `name`, `description`, `target_url`, `icon_url`, `show_index`, `type`, `method`, `status`, `creator`, `updator`, `create_date`, `update_date`) VALUES ('57', '47', '0101011101', '添加', '公告添加', ' /notice/addNotice', '', '1', '1', '1', '0', '1', '1', '2016-12-15 16:55:30', '2016-12-15 16:55:49');
INSERT INTO `db_cz_cms`.`system_menu` (`id`, `parent_id`, `sn`, `name`, `description`, `target_url`, `icon_url`, `show_index`, `type`, `method`, `status`, `creator`, `updator`, `create_date`, `update_date`) VALUES ('58', '47', '0101011102', '编辑', '公告编辑', '/notice/updateNoticeById', '', '2', '1', '1', '0', '1', '1', '2016-12-15 16:55:30', '2016-12-15 16:55:49');
INSERT INTO `db_cz_cms`.`system_menu` (`id`, `parent_id`, `sn`, `name`, `description`, `target_url`, `icon_url`, `show_index`, `type`, `method`, `status`, `creator`, `updator`, `create_date`, `update_date`) VALUES ('59', '47', '0101011103', '删除', '公告删除', ' /notice/deleteNotice', '', '3', '1', '1', '0', '1', '1', '2016-12-15 16:55:30', '2016-12-15 16:55:49');
INSERT INTO `db_cz_cms`.`system_menu` (`id`, `parent_id`, `sn`, `name`, `description`, `target_url`, `icon_url`, `show_index`, `type`, `method`, `status`, `creator`, `updator`, `create_date`, `update_date`) VALUES ('60', '47', '0101011104', '授权', '公告授权', '/notice/setNoticeUser', '', '4', '1', '1', '0', '1', '1', '2016-12-15 16:55:30', '2016-12-15 16:55:49');
INSERT INTO `db_cz_cms`.`system_menu` (`id`, `parent_id`, `sn`, `name`, `description`, `target_url`, `icon_url`, `show_index`, `type`, `method`, `status`, `creator`, `updator`, `create_date`, `update_date`) VALUES ('61', '48', '0101020202', '编辑', '扩展信息编辑', '/residentExtendinfo/addExtendInfo', '', '2', '1', '1', '0', '1', '1', '2016-12-15 16:55:30', '2016-12-15 16:55:49');
INSERT INTO `db_cz_cms`.`system_menu` (`id`, `parent_id`, `sn`, `name`, `description`, `target_url`, `icon_url`, `show_index`, `type`, `method`, `status`, `creator`, `updator`, `create_date`, `update_date`) VALUES ('62', '38', '01010203', '居民基本信息管理2', '', '/residentsInfo/listPage', '', '3', '0', '0', '0', '1', '1', '2017-09-27 15:49:20', '2017-09-30 09:28:38');
INSERT INTO `db_cz_cms`.`system_menu` (`id`, `parent_id`, `sn`, `name`, `description`, `target_url`, `icon_url`, `show_index`, `type`, `method`, `status`, `creator`, `updator`, `create_date`, `update_date`) VALUES ('63', '62', '0101020301', '添加', '添加基本信息', '/residentsInfo/addResidentsInfo', '', '1', '0', '1', '0', '1', NULL, '2017-09-30 09:32:34', NULL);
INSERT INTO `db_cz_cms`.`system_menu` (`id`, `parent_id`, `sn`, `name`, `description`, `target_url`, `icon_url`, `show_index`, `type`, `method`, `status`, `creator`, `updator`, `create_date`, `update_date`) VALUES ('64', '62', '0101020302', '编辑', '编辑居民基本信息', '/residentsInfo/addResidentsInfo', '', '2', '0', '1', '0', '1', NULL, '2017-09-30 09:36:45', NULL);
INSERT INTO `db_cz_cms`.`system_menu` (`id`, `parent_id`, `sn`, `name`, `description`, `target_url`, `icon_url`, `show_index`, `type`, `method`, `status`, `creator`, `updator`, `create_date`, `update_date`) VALUES ('65', '62', '0101020303', '删除', '删除基本信息', '/residentsInfo/residentsInfo', '', '3', '0', '1', '0', '1', NULL, '2017-09-30 09:38:46', NULL);
INSERT INTO `db_cz_cms`.`system_menu` (`id`, `parent_id`, `sn`, `name`, `description`, `target_url`, `icon_url`, `show_index`, `type`, `method`, `status`, `creator`, `updator`, `create_date`, `update_date`) VALUES ('66', '62', '0101020304', '居民信息导入', '居民信息导入', '/residentsInfoImport/batchAddResidentsinfo', '', '4', '0', '1', '0', '1', NULL, '2017-09-30 09:41:22', NULL);
INSERT INTO `db_cz_cms`.`system_menu` (`id`, `parent_id`, `sn`, `name`, `description`, `target_url`, `icon_url`, `show_index`, `type`, `method`, `status`, `creator`, `updator`, `create_date`, `update_date`) VALUES ('67', '62', '0101020305', '其他基本信息查询', '其他基本信息查询', '/residentsInfo/queryOtherResidentsInfoList', '', '5', '0', '0', '0', '1', NULL, '2017-09-30 09:44:02', NULL);
INSERT INTO `db_cz_cms`.`system_menu` (`id`, `parent_id`, `sn`, `name`, `description`, `target_url`, `icon_url`, `show_index`, `type`, `method`, `status`, `creator`, `updator`, `create_date`, `update_date`) VALUES ('68', '62', '0101020306', '添加到我的管理范围', '设置某条居民健康卡信息的默认列表显示权限', '/residentsInfo/addManagementScope', '', '6', '0', '0', '0', '7', NULL, '2017-09-30 11:28:33', NULL);
INSERT INTO `db_cz_cms`.`system_menu` (`id`, `parent_id`, `sn`, `name`, `description`, `target_url`, `icon_url`, `show_index`, `type`, `method`, `status`, `creator`, `updator`, `create_date`, `update_date`) VALUES ('69', '38', '01010204', '居民信息采集', '居民信息采集', '/residentacquisition/listPage', '', '3', '0', '0', '0', '1', NULL, '2017-10-20 10:35:33', NULL);
INSERT INTO `db_cz_cms`.`system_menu` (`id`, `parent_id`, `sn`, `name`, `description`, `target_url`, `icon_url`, `show_index`, `type`, `method`, `status`, `creator`, `updator`, `create_date`, `update_date`) VALUES ('70', '69', '0101020401', '添加', '添加单个居民采集信息', '/residentacquisition/addResidentAcquisition', '', '1', '1', '1', '0', '1', NULL, '2017-10-26 16:07:48', NULL);
INSERT INTO `db_cz_cms`.`system_menu` (`id`, `parent_id`, `sn`, `name`, `description`, `target_url`, `icon_url`, `show_index`, `type`, `method`, `status`, `creator`, `updator`, `create_date`, `update_date`) VALUES ('71', '69', '0101020402', '编辑', '修改居民采集信息', '/residentacquisition/updateResidentAcquisition', '', '2', '1', '1', '0', '1', '1', '2017-10-26 16:20:20', '2017-10-26 16:22:49');
INSERT INTO `db_cz_cms`.`system_menu` (`id`, `parent_id`, `sn`, `name`, `description`, `target_url`, `icon_url`, `show_index`, `type`, `method`, `status`, `creator`, `updator`, `create_date`, `update_date`) VALUES ('72', '69', '0101020403', '删除', '删除居民采集信息', '/residentacquisition/deleteResidentAcquisitionById', '', '3', '1', '1', '0', '1', NULL, '2017-10-26 16:22:34', NULL);
INSERT INTO `db_cz_cms`.`system_menu` (`id`, `parent_id`, `sn`, `name`, `description`, `target_url`, `icon_url`, `show_index`, `type`, `method`, `status`, `creator`, `updator`, `create_date`, `update_date`) VALUES ('73', '69', '0101020404', '采集信息导入', '批量导入采集信息', '/residentacquisitionImport/bathAddResidentAcquisitions', '', '4', '1', '1', '0', '1', NULL, '2017-10-26 16:25:07', NULL);





-- 权限与菜单
INSERT INTO `db_cz_cms`.`role_menu` (`role_id`, `system_menu_id`) VALUES ('1', '1');
INSERT INTO `db_cz_cms`.`role_menu` (`role_id`, `system_menu_id`) VALUES ('1', '2');
INSERT INTO `db_cz_cms`.`role_menu` (`role_id`, `system_menu_id`) VALUES ('1', '3');
INSERT INTO `db_cz_cms`.`role_menu` (`role_id`, `system_menu_id`) VALUES ('1', '4');
INSERT INTO `db_cz_cms`.`role_menu` (`role_id`, `system_menu_id`) VALUES ('1', '5');
INSERT INTO `db_cz_cms`.`role_menu` (`role_id`, `system_menu_id`) VALUES ('1', '6');
INSERT INTO `db_cz_cms`.`role_menu` (`role_id`, `system_menu_id`) VALUES ('1', '7');
INSERT INTO `db_cz_cms`.`role_menu` (`role_id`, `system_menu_id`) VALUES ('1', '8');
INSERT INTO `db_cz_cms`.`role_menu` (`role_id`, `system_menu_id`) VALUES ('1', '9');
INSERT INTO `db_cz_cms`.`role_menu` (`role_id`, `system_menu_id`) VALUES ('1', '10');
INSERT INTO `db_cz_cms`.`role_menu` (`role_id`, `system_menu_id`) VALUES ('1', '11');
INSERT INTO `db_cz_cms`.`role_menu` (`role_id`, `system_menu_id`) VALUES ('1', '12');
INSERT INTO `db_cz_cms`.`role_menu` (`role_id`, `system_menu_id`) VALUES ('1', '13');
INSERT INTO `db_cz_cms`.`role_menu` (`role_id`, `system_menu_id`) VALUES ('1', '14');
INSERT INTO `db_cz_cms`.`role_menu` (`role_id`, `system_menu_id`) VALUES ('1', '15');
INSERT INTO `db_cz_cms`.`role_menu` (`role_id`, `system_menu_id`) VALUES ('1', '16');
INSERT INTO `db_cz_cms`.`role_menu` (`role_id`, `system_menu_id`) VALUES ('1', '17');
INSERT INTO `db_cz_cms`.`role_menu` (`role_id`, `system_menu_id`) VALUES ('1', '18');
INSERT INTO `db_cz_cms`.`role_menu` (`role_id`, `system_menu_id`) VALUES ('1', '19');
INSERT INTO `db_cz_cms`.`role_menu` (`role_id`, `system_menu_id`) VALUES ('1', '20');
INSERT INTO `db_cz_cms`.`role_menu` (`role_id`, `system_menu_id`) VALUES ('1', '21');
INSERT INTO `db_cz_cms`.`role_menu` (`role_id`, `system_menu_id`) VALUES ('1', '22');
INSERT INTO `db_cz_cms`.`role_menu` (`role_id`, `system_menu_id`) VALUES ('1', '23');
INSERT INTO `db_cz_cms`.`role_menu` (`role_id`, `system_menu_id`) VALUES ('1', '24');
INSERT INTO `db_cz_cms`.`role_menu` (`role_id`, `system_menu_id`) VALUES ('1', '25');
INSERT INTO `db_cz_cms`.`role_menu` (`role_id`, `system_menu_id`) VALUES ('1', '26');
INSERT INTO `db_cz_cms`.`role_menu` (`role_id`, `system_menu_id`) VALUES ('1', '27');
INSERT INTO `db_cz_cms`.`role_menu` (`role_id`, `system_menu_id`) VALUES ('1', '28');
INSERT INTO `db_cz_cms`.`role_menu` (`role_id`, `system_menu_id`) VALUES ('1', '29');
INSERT INTO `db_cz_cms`.`role_menu` (`role_id`, `system_menu_id`) VALUES ('1', '30');
INSERT INTO `db_cz_cms`.`role_menu` (`role_id`, `system_menu_id`) VALUES ('1', '31');
INSERT INTO `db_cz_cms`.`role_menu` (`role_id`, `system_menu_id`) VALUES ('1', '32');
INSERT INTO `db_cz_cms`.`role_menu` (`role_id`, `system_menu_id`) VALUES ('1', '33');
INSERT INTO `db_cz_cms`.`role_menu` (`role_id`, `system_menu_id`) VALUES ('1', '34');
INSERT INTO `db_cz_cms`.`role_menu` (`role_id`, `system_menu_id`) VALUES ('1', '35');
INSERT INTO `db_cz_cms`.`role_menu` (`role_id`, `system_menu_id`) VALUES ('1', '36');
INSERT INTO `db_cz_cms`.`role_menu` (`role_id`, `system_menu_id`) VALUES ('1', '37');
INSERT INTO `db_cz_cms`.`role_menu` (`role_id`, `system_menu_id`) VALUES ('1', '38');
INSERT INTO `db_cz_cms`.`role_menu` (`role_id`, `system_menu_id`) VALUES ('1', '39');
INSERT INTO `db_cz_cms`.`role_menu` (`role_id`, `system_menu_id`) VALUES ('1', '40');
INSERT INTO `db_cz_cms`.`role_menu` (`role_id`, `system_menu_id`) VALUES ('1', '41');
INSERT INTO `db_cz_cms`.`role_menu` (`role_id`, `system_menu_id`) VALUES ('1', '42');
INSERT INTO `db_cz_cms`.`role_menu` (`role_id`, `system_menu_id`) VALUES ('1', '43');
INSERT INTO `db_cz_cms`.`role_menu` (`role_id`, `system_menu_id`) VALUES ('1', '44');
INSERT INTO `db_cz_cms`.`role_menu` (`role_id`, `system_menu_id`) VALUES ('1', '46');
INSERT INTO `db_cz_cms`.`role_menu` (`role_id`, `system_menu_id`) VALUES ('1', '47');
INSERT INTO `db_cz_cms`.`role_menu` (`role_id`, `system_menu_id`) VALUES ('1', '48');
INSERT INTO `db_cz_cms`.`role_menu` (`role_id`, `system_menu_id`) VALUES ('1', '49');
INSERT INTO `db_cz_cms`.`role_menu` (`role_id`, `system_menu_id`) VALUES ('1', '50');
INSERT INTO `db_cz_cms`.`role_menu` (`role_id`, `system_menu_id`) VALUES ('1', '51');
INSERT INTO `db_cz_cms`.`role_menu` (`role_id`, `system_menu_id`) VALUES ('1', '52');
INSERT INTO `db_cz_cms`.`role_menu` (`role_id`, `system_menu_id`) VALUES ('1', '53');
INSERT INTO `db_cz_cms`.`role_menu` (`role_id`, `system_menu_id`) VALUES ('1', '54');
INSERT INTO `db_cz_cms`.`role_menu` (`role_id`, `system_menu_id`) VALUES ('1', '55');
INSERT INTO `db_cz_cms`.`role_menu` (`role_id`, `system_menu_id`) VALUES ('1', '56');
INSERT INTO `db_cz_cms`.`role_menu` (`role_id`, `system_menu_id`) VALUES ('1', '57');
INSERT INTO `db_cz_cms`.`role_menu` (`role_id`, `system_menu_id`) VALUES ('1', '58');
INSERT INTO `db_cz_cms`.`role_menu` (`role_id`, `system_menu_id`) VALUES ('1', '59');
INSERT INTO `db_cz_cms`.`role_menu` (`role_id`, `system_menu_id`) VALUES ('1', '60');
INSERT INTO `db_cz_cms`.`role_menu` (`role_id`, `system_menu_id`) VALUES ('1', '61');
INSERT INTO `db_cz_cms`.`role_menu` (`role_id`, `system_menu_id`) VALUES ('1', '62');
INSERT INTO `db_cz_cms`.`role_menu` (`role_id`, `system_menu_id`) VALUES ('1', '63');
INSERT INTO `db_cz_cms`.`role_menu` (`role_id`, `system_menu_id`) VALUES ('1', '64');
INSERT INTO `db_cz_cms`.`role_menu` (`role_id`, `system_menu_id`) VALUES ('1', '65');
INSERT INTO `db_cz_cms`.`role_menu` (`role_id`, `system_menu_id`) VALUES ('1', '66');
INSERT INTO `db_cz_cms`.`role_menu` (`role_id`, `system_menu_id`) VALUES ('1', '67');
INSERT INTO `db_cz_cms`.`role_menu` (`role_id`, `system_menu_id`) VALUES ('1', '68');
INSERT INTO `db_cz_cms`.`role_menu` (`role_id`, `system_menu_id`) VALUES ('1', '69');
INSERT INTO `db_cz_cms`.`role_menu` (`role_id`, `system_menu_id`) VALUES ('1', '70');
INSERT INTO `db_cz_cms`.`role_menu` (`role_id`, `system_menu_id`) VALUES ('1', '71');
INSERT INTO `db_cz_cms`.`role_menu` (`role_id`, `system_menu_id`) VALUES ('1', '72');
INSERT INTO `db_cz_cms`.`role_menu` (`role_id`, `system_menu_id`) VALUES ('1', '73');


-- 初始化系统配置参数
INSERT INTO `db_cz_cms`.`system_config` (`system_key`, `system_value`, `description`, `creator`, `create_date`, `updator`, `update_date`) VALUES ('file_upload_root_path', '', '资源文件根目录', '1', '2016-10-09 17:41:57', NULL, NULL);
INSERT INTO `db_cz_cms`.`system_config` (`system_key`, `system_value`, `description`, `creator`, `create_date`, `updator`, `update_date`) VALUES ('file_upload_goodsType_image', 'uploadFile/goodsType/image', '分类图片上传路径', '1', '2016-10-20 14:09:12', NULL, NULL);
INSERT INTO `db_cz_cms`.`system_config` (`system_key`, `system_value`, `description`, `creator`, `create_date`, `updator`, `update_date`) VALUES ('file_upload_goodsType_file', 'uploadFile/goodsType/file', '分类文件传路径', '1', '2016-10-20 14:09:16', NULL, NULL);
INSERT INTO `db_cz_cms`.`system_config` (`system_key`, `system_value`, `description`, `creator`, `create_date`, `updator`, `update_date`) VALUES ('update_pass_date_interval', '60', '员工修改密码时间过久设置天数', '1', '2017-02-24 09:36:03', null, null);
INSERT INTO `db_cz_cms`.`system_config` (`system_key`, `system_value`, `description`, `creator`, `create_date`, `updator`, `update_date`) VALUES ('file_upload_excel_cust_info_temp', 'uploadFile/excel/cust_info_temp', '批量导入客户信息临时上传路径', '1', '2016-10-20 14:09:16', NULL, NULL);


-- 初始化字典系统配置参数
INSERT INTO `db_cz_cms`.`dictionary` (`id`, `parentid`, `name`, `dictkey`, `value`, `description`, `status`, `isdefault`, `showindex`) VALUES ('1', '0', '字典管理', '', '', '', NULL, NULL, NULL);
INSERT INTO `db_cz_cms`.`dictionary` (`id`, `parentid`, `name`, `dictkey`, `value`, `description`, `status`, `isdefault`, `showindex`) VALUES ('2', '1', '病种类型', 'illness_type', '高血压', '病种类型', '1', '0', '1');
INSERT INTO `db_cz_cms`.`dictionary` (`id`, `parentid`, `name`, `dictkey`, `value`, `description`, `status`, `isdefault`, `showindex`) VALUES ('3', '2', '高血压', 'illness_type_0', '高血压', '高血压', '1', '0', '1');
INSERT INTO `db_cz_cms`.`dictionary` (`id`, `parentid`, `name`, `dictkey`, `value`, `description`, `status`, `isdefault`, `showindex`) VALUES ('4', '2', '糖尿病', 'illness_type_1', '糖尿病', '糖尿病', '1', '0', '2');
INSERT INTO `db_cz_cms`.`dictionary` (`id`, `parentid`, `name`, `dictkey`, `value`, `description`, `status`, `isdefault`, `showindex`) VALUES ('5', '2', '结核病', 'illness_type_2', '结核病', '结核病', '1', '0', '3');
INSERT INTO `db_cz_cms`.`dictionary` (`id`, `parentid`, `name`, `dictkey`, `value`, `description`, `status`, `isdefault`, `showindex`) VALUES ('6', '2', '帕金森综合征', 'illness_type_3', '帕金森综合征', '帕金森综合征', '1', '0', '4');
INSERT INTO `db_cz_cms`.`dictionary` (`id`, `parentid`, `name`, `dictkey`, `value`, `description`, `status`, `isdefault`, `showindex`) VALUES ('7', '1', '医保类型', 'insurance_type', '医保类型', '医保类型', '1', '0', '2');
INSERT INTO `db_cz_cms`.`dictionary` (`id`, `parentid`, `name`, `dictkey`, `value`, `description`, `status`, `isdefault`, `showindex`) VALUES ('8', '7', '少儿互助金', 'insurance_type_0', '少儿互助金', '少儿互助金', '1', '0', '1');
INSERT INTO `db_cz_cms`.`dictionary` (`id`, `parentid`, `name`, `dictkey`, `value`, `description`, `status`, `isdefault`, `showindex`) VALUES ('9', '7', '城镇职工医疗保险', 'insurance_type_1', '城镇职工医疗保险', '城镇职工医疗保险', '1', '0', '2');
INSERT INTO `db_cz_cms`.`dictionary` (`id`, `parentid`, `name`, `dictkey`, `value`, `description`, `status`, `isdefault`, `showindex`) VALUES ('10', '7', '新型农村合作保险', 'insurance_type_2', '新型农村合作保险', '新型农村合作保险', '1', '0', '3');
INSERT INTO `db_cz_cms`.`dictionary` (`id`, `parentid`, `name`, `dictkey`, `value`, `description`, `status`, `isdefault`, `showindex`) VALUES ('11', '7', '城镇居民基本医疗保险', 'insurance_type_3', '城镇居民基本医疗保险', '城镇居民基本医疗保险', '1', '0', '4');
INSERT INTO `db_cz_cms`.`dictionary` (`id`, `parentid`, `name`, `dictkey`, `value`, `description`, `status`, `isdefault`, `showindex`) VALUES ('12', '1', '低保类型', 'low_type', '低保种类', '低保种类', '1', '0', '3');
INSERT INTO `db_cz_cms`.`dictionary` (`id`, `parentid`, `name`, `dictkey`, `value`, `description`, `status`, `isdefault`, `showindex`) VALUES ('13', '12', '农村居民最低生活保障户', 'low_type_0', '农村居民最低生活保障户', '农村居民最低生活保障户', '1', '0', '1');
INSERT INTO `db_cz_cms`.`dictionary` (`id`, `parentid`, `name`, `dictkey`, `value`, `description`, `status`, `isdefault`, `showindex`) VALUES ('14', '12', '五保户', 'low_type_1', '五保户', '五保户', '1', '0', '2');
INSERT INTO `db_cz_cms`.`dictionary` (`id`, `parentid`, `name`, `dictkey`, `value`, `description`, `status`, `isdefault`, `showindex`) VALUES ('15', '1', '扶贫户', 'help_house', '扶贫户', '扶贫户', '1', '0', '4');
INSERT INTO `db_cz_cms`.`dictionary` (`id`, `parentid`, `name`, `dictkey`, `value`, `description`, `status`, `isdefault`, `showindex`) VALUES ('16', '15', '精准扶贫户', 'help_house_0', '精准扶贫户', '精准扶贫户', '1', '0', '1');
INSERT INTO `db_cz_cms`.`dictionary` (`id`, `parentid`, `name`, `dictkey`, `value`, `description`, `status`, `isdefault`, `showindex`) VALUES ('17', '1', '离休干部', 'retired_cadres', '离休干部', '离休干部', '1', '0', '5');
INSERT INTO `db_cz_cms`.`dictionary` (`id`, `parentid`, `name`, `dictkey`, `value`, `description`, `status`, `isdefault`, `showindex`) VALUES ('18', '17', '离休干部', 'retired_cadres_0', '离休干部', '离休干部', '1', '0', '1');
INSERT INTO `db_cz_cms`.`dictionary` (`id`, `parentid`, `name`, `dictkey`, `value`, `description`, `status`, `isdefault`, `showindex`) VALUES ('19', '1', '工会特征', 'union_feature', '工会特征', '工会特征', '1', '0', '6');
INSERT INTO `db_cz_cms`.`dictionary` (`id`, `parentid`, `name`, `dictkey`, `value`, `description`, `status`, `isdefault`, `showindex`) VALUES ('20', '19', '困难职工', 'union_feature_0', '困难职工', '困难职工', '1', '0', '1');
INSERT INTO `db_cz_cms`.`dictionary` (`id`, `parentid`, `name`, `dictkey`, `value`, `description`, `status`, `isdefault`, `showindex`) VALUES ('21', '19', '劳模', 'union_feature_1', '劳模', '劳模', '1', '0', '2');
INSERT INTO `db_cz_cms`.`dictionary` (`id`, `parentid`, `name`, `dictkey`, `value`, `description`, `status`, `isdefault`, `showindex`) VALUES ('22', '1', '残疾类型', 'disability_type', '残疾类型', '残疾类型', '1', '0', '7');
INSERT INTO `db_cz_cms`.`dictionary` (`id`, `parentid`, `name`, `dictkey`, `value`, `description`, `status`, `isdefault`, `showindex`) VALUES ('23', '22', '一级肢体', 'disability_type_0', '一级肢体', '一级肢体', '1', '0', '1');
INSERT INTO `db_cz_cms`.`dictionary` (`id`, `parentid`, `name`, `dictkey`, `value`, `description`, `status`, `isdefault`, `showindex`) VALUES ('24', '22', '二级听力', 'disability_type_1', '二级听力', '二级听力', '1', '0', '2');
INSERT INTO `db_cz_cms`.`dictionary` (`id`, `parentid`, `name`, `dictkey`, `value`, `description`, `status`, `isdefault`, `showindex`) VALUES ('25', '22', '一级智力', 'disability_type_2', '一级智力', '一级智力', '1', '0', '3');
INSERT INTO `db_cz_cms`.`dictionary` (`id`, `parentid`, `name`, `dictkey`, `value`, `description`, `status`, `isdefault`, `showindex`) VALUES ('26', '22', '一级精神', 'disability_type_3', '一级精神', '一级精神', '1', '0', '4');
INSERT INTO `db_cz_cms`.`dictionary` (`id`, `parentid`, `name`, `dictkey`, `value`, `description`, `status`, `isdefault`, `showindex`) VALUES ('27', '22', '一级视力', 'disability_type_4', '一级视力', '一级视力', '1', '0', '5');
INSERT INTO `db_cz_cms`.`dictionary` (`id`, `parentid`, `name`, `dictkey`, `value`, `description`, `status`, `isdefault`, `showindex`) VALUES ('28', '22', '二级肢体', 'disability_type_5', '二级肢体', '二级肢体', '1', '0', '1');
INSERT INTO `db_cz_cms`.`dictionary` (`id`, `parentid`, `name`, `dictkey`, `value`, `description`, `status`, `isdefault`, `showindex`) VALUES ('29', '1', '学历', 'education', '学历', '学历', '1', '0', '8');
INSERT INTO `db_cz_cms`.`dictionary` (`id`, `parentid`, `name`, `dictkey`, `value`, `description`, `status`, `isdefault`, `showindex`) VALUES ('30', '29', '研究生', 'education_0', '研究生', '10', '1', '0', '1');
INSERT INTO `db_cz_cms`.`dictionary` (`id`, `parentid`, `name`, `dictkey`, `value`, `description`, `status`, `isdefault`, `showindex`) VALUES ('31', '29', '大学本科', 'education_1', '大学本科', '20', '1', '0', '2');
INSERT INTO `db_cz_cms`.`dictionary` (`id`, `parentid`, `name`, `dictkey`, `value`, `description`, `status`, `isdefault`, `showindex`) VALUES ('32', '29', '大学专科及专科学校', 'education_2', '大学专科及专科学校', '30', '1', '0', '3');
INSERT INTO `db_cz_cms`.`dictionary` (`id`, `parentid`, `name`, `dictkey`, `value`, `description`, `status`, `isdefault`, `showindex`) VALUES ('33', '29', '中专及中技', 'education_3', '中专及中技', '40', '1', '0', '4');
INSERT INTO `db_cz_cms`.`dictionary` (`id`, `parentid`, `name`, `dictkey`, `value`, `description`, `status`, `isdefault`, `showindex`) VALUES ('34', '29', '高中', 'education_4', '高中', '60', '1', '0', '5');
INSERT INTO `db_cz_cms`.`dictionary` (`id`, `parentid`, `name`, `dictkey`, `value`, `description`, `status`, `isdefault`, `showindex`) VALUES ('35', '29', '初中', 'education_5', '初中', '70', '1', '0', '6');
INSERT INTO `db_cz_cms`.`dictionary` (`id`, `parentid`, `name`, `dictkey`, `value`, `description`, `status`, `isdefault`, `showindex`) VALUES ('36', '29', '小学', 'education_6', '小学', '80', '1', '0', '7');
INSERT INTO `db_cz_cms`.`dictionary` (`id`, `parentid`, `name`, `dictkey`, `value`, `description`, `status`, `isdefault`, `showindex`) VALUES ('37', '29', '文盲及半文盲', 'education_7', '文盲及半文盲', '90', '1', '0', '8');
INSERT INTO `db_cz_cms`.`dictionary` (`id`, `parentid`, `name`, `dictkey`, `value`, `description`, `status`, `isdefault`, `showindex`) VALUES ('38', '1', '民族', 'nation', '民族', '56个民族', '1', '0', '9');
INSERT INTO `db_cz_cms`.`dictionary` (`id`, `parentid`, `name`, `dictkey`, `value`, `description`, `status`, `isdefault`, `showindex`) VALUES ('39', '38', '汉族', 'nation_0', '汉族', '01', '1', '0', '1');
INSERT INTO `db_cz_cms`.`dictionary` (`id`, `parentid`, `name`, `dictkey`, `value`, `description`, `status`, `isdefault`, `showindex`) VALUES ('40', '38', '蒙古族', 'nation_1', '蒙古族', '02', '1', '0', '2');
INSERT INTO `db_cz_cms`.`dictionary` (`id`, `parentid`, `name`, `dictkey`, `value`, `description`, `status`, `isdefault`, `showindex`) VALUES ('41', '38', '回族', 'nation_2', '回族', '03', '1', '0', '3');
INSERT INTO `db_cz_cms`.`dictionary` (`id`, `parentid`, `name`, `dictkey`, `value`, `description`, `status`, `isdefault`, `showindex`) VALUES ('42', '38', '藏族', 'nation_3', '藏族', '04', '1', '0', '4');
INSERT INTO `db_cz_cms`.`dictionary` (`id`, `parentid`, `name`, `dictkey`, `value`, `description`, `status`, `isdefault`, `showindex`) VALUES ('43', '38', '维吾尔族', 'nation_4', '维吾尔族', '05', '1', '0', '5');
INSERT INTO `db_cz_cms`.`dictionary` (`id`, `parentid`, `name`, `dictkey`, `value`, `description`, `status`, `isdefault`, `showindex`) VALUES ('44', '38', '苗族', 'nation_5', '苗族', '06', '1', '0', '6');
INSERT INTO `db_cz_cms`.`dictionary` (`id`, `parentid`, `name`, `dictkey`, `value`, `description`, `status`, `isdefault`, `showindex`) VALUES ('45', '38', '彝族', 'nation_6', '彝族', '07', '1', '0', '7');
INSERT INTO `db_cz_cms`.`dictionary` (`id`, `parentid`, `name`, `dictkey`, `value`, `description`, `status`, `isdefault`, `showindex`) VALUES ('46', '38', '壮族', 'nation_7', '壮族', '08', '1', '0', '8');
INSERT INTO `db_cz_cms`.`dictionary` (`id`, `parentid`, `name`, `dictkey`, `value`, `description`, `status`, `isdefault`, `showindex`) VALUES ('47', '38', '布依族', 'nation_8', '布依族', '09', '1', '0', '9');
INSERT INTO `db_cz_cms`.`dictionary` (`id`, `parentid`, `name`, `dictkey`, `value`, `description`, `status`, `isdefault`, `showindex`) VALUES ('48', '38', '朝鲜族', 'nation_9', '朝鲜族', '10', '1', '0', '10');
INSERT INTO `db_cz_cms`.`dictionary` (`id`, `parentid`, `name`, `dictkey`, `value`, `description`, `status`, `isdefault`, `showindex`) VALUES ('49', '38', '满族', 'nation_10', '满族', '11', '1', '0', '11');
INSERT INTO `db_cz_cms`.`dictionary` (`id`, `parentid`, `name`, `dictkey`, `value`, `description`, `status`, `isdefault`, `showindex`) VALUES ('50', '38', '侗族', 'nation_11', '侗族', '12', '1', '0', '12');
INSERT INTO `db_cz_cms`.`dictionary` (`id`, `parentid`, `name`, `dictkey`, `value`, `description`, `status`, `isdefault`, `showindex`) VALUES ('51', '38', '瑶族', 'nation_12', '瑶族', '13', '1', '0', '13');
INSERT INTO `db_cz_cms`.`dictionary` (`id`, `parentid`, `name`, `dictkey`, `value`, `description`, `status`, `isdefault`, `showindex`) VALUES ('52', '38', '白族', 'nation_13', '白族', '14', '1', '0', '14');
INSERT INTO `db_cz_cms`.`dictionary` (`id`, `parentid`, `name`, `dictkey`, `value`, `description`, `status`, `isdefault`, `showindex`) VALUES ('53', '38', '土家族', 'nation_14', '土家族', '15', '1', '0', '15');
INSERT INTO `db_cz_cms`.`dictionary` (`id`, `parentid`, `name`, `dictkey`, `value`, `description`, `status`, `isdefault`, `showindex`) VALUES ('54', '38', '哈尼族', 'nation_15', '哈尼族', '16', '1', '0', '16');
INSERT INTO `db_cz_cms`.`dictionary` (`id`, `parentid`, `name`, `dictkey`, `value`, `description`, `status`, `isdefault`, `showindex`) VALUES ('55', '38', '哈萨克族', 'nation_16', '哈萨克族', '17', '1', '0', '17');
INSERT INTO `db_cz_cms`.`dictionary` (`id`, `parentid`, `name`, `dictkey`, `value`, `description`, `status`, `isdefault`, `showindex`) VALUES ('56', '38', '傣族', 'nation_17', '傣族', '18', '1', '0', '18');
INSERT INTO `db_cz_cms`.`dictionary` (`id`, `parentid`, `name`, `dictkey`, `value`, `description`, `status`, `isdefault`, `showindex`) VALUES ('57', '38', '黎族', 'nation_18', '黎族', '19', '1', '0', '19');
INSERT INTO `db_cz_cms`.`dictionary` (`id`, `parentid`, `name`, `dictkey`, `value`, `description`, `status`, `isdefault`, `showindex`) VALUES ('58', '38', '傈僳族', 'nation_19', '傈僳族', '20', '1', '0', '20');
INSERT INTO `db_cz_cms`.`dictionary` (`id`, `parentid`, `name`, `dictkey`, `value`, `description`, `status`, `isdefault`, `showindex`) VALUES ('59', '38', '佤族', 'nation_20', '佤族', '21', '1', '0', '21');
INSERT INTO `db_cz_cms`.`dictionary` (`id`, `parentid`, `name`, `dictkey`, `value`, `description`, `status`, `isdefault`, `showindex`) VALUES ('60', '38', '畲族', 'nation_21', '畲族', '22', '1', '0', '22');
INSERT INTO `db_cz_cms`.`dictionary` (`id`, `parentid`, `name`, `dictkey`, `value`, `description`, `status`, `isdefault`, `showindex`) VALUES ('61', '38', '高山族', 'nation_22', '高山族', '23', '1', '0', '23');
INSERT INTO `db_cz_cms`.`dictionary` (`id`, `parentid`, `name`, `dictkey`, `value`, `description`, `status`, `isdefault`, `showindex`) VALUES ('62', '38', '拉祜族', 'nation_23', '拉祜族', '24', '1', '0', '24');
INSERT INTO `db_cz_cms`.`dictionary` (`id`, `parentid`, `name`, `dictkey`, `value`, `description`, `status`, `isdefault`, `showindex`) VALUES ('63', '38', '水族', 'nation_24', '水族', '25', '1', '0', '25');
INSERT INTO `db_cz_cms`.`dictionary` (`id`, `parentid`, `name`, `dictkey`, `value`, `description`, `status`, `isdefault`, `showindex`) VALUES ('64', '38', '东乡族', 'nation_25', '东乡族', '26', '1', '0', '26');
INSERT INTO `db_cz_cms`.`dictionary` (`id`, `parentid`, `name`, `dictkey`, `value`, `description`, `status`, `isdefault`, `showindex`) VALUES ('65', '38', '纳西族', 'nation_26', '纳西族', '27', '1', '0', '27');
INSERT INTO `db_cz_cms`.`dictionary` (`id`, `parentid`, `name`, `dictkey`, `value`, `description`, `status`, `isdefault`, `showindex`) VALUES ('66', '38', '景颇族', 'nation_27', '景颇族', '28', '1', '0', '28');
INSERT INTO `db_cz_cms`.`dictionary` (`id`, `parentid`, `name`, `dictkey`, `value`, `description`, `status`, `isdefault`, `showindex`) VALUES ('67', '38', '柯尔克孜族', 'nation_28', '柯尔克孜族', '29', '1', '0', '29');
INSERT INTO `db_cz_cms`.`dictionary` (`id`, `parentid`, `name`, `dictkey`, `value`, `description`, `status`, `isdefault`, `showindex`) VALUES ('68', '38', '土族', 'nation_29', '土族', '30', '1', '0', '30');
INSERT INTO `db_cz_cms`.`dictionary` (`id`, `parentid`, `name`, `dictkey`, `value`, `description`, `status`, `isdefault`, `showindex`) VALUES ('69', '38', '达斡尔族', 'nation_30', '达斡尔族', '31', '1', '0', '31');
INSERT INTO `db_cz_cms`.`dictionary` (`id`, `parentid`, `name`, `dictkey`, `value`, `description`, `status`, `isdefault`, `showindex`) VALUES ('70', '38', '仫佬族', 'nation_31', '仫佬族', '32', '1', '0', '32');
INSERT INTO `db_cz_cms`.`dictionary` (`id`, `parentid`, `name`, `dictkey`, `value`, `description`, `status`, `isdefault`, `showindex`) VALUES ('71', '38', '羌族', 'nation_32', '羌族', '33', '1', '0', '33');
INSERT INTO `db_cz_cms`.`dictionary` (`id`, `parentid`, `name`, `dictkey`, `value`, `description`, `status`, `isdefault`, `showindex`) VALUES ('72', '38', '布朗族', 'nation_33', '布朗族', '34', '1', '0', '34');
INSERT INTO `db_cz_cms`.`dictionary` (`id`, `parentid`, `name`, `dictkey`, `value`, `description`, `status`, `isdefault`, `showindex`) VALUES ('73', '38', '撒拉族', 'nation_34', '撒拉族', '35', '1', '0', '35');
INSERT INTO `db_cz_cms`.`dictionary` (`id`, `parentid`, `name`, `dictkey`, `value`, `description`, `status`, `isdefault`, `showindex`) VALUES ('74', '38', '毛南族', 'nation_35', '毛南族', '36', '1', '0', '36');
INSERT INTO `db_cz_cms`.`dictionary` (`id`, `parentid`, `name`, `dictkey`, `value`, `description`, `status`, `isdefault`, `showindex`) VALUES ('75', '38', '仡佬族', 'nation_36', '仡佬族', '37', '1', '0', '37');
INSERT INTO `db_cz_cms`.`dictionary` (`id`, `parentid`, `name`, `dictkey`, `value`, `description`, `status`, `isdefault`, `showindex`) VALUES ('76', '38', '锡伯族', 'nation_37', '锡伯族', '38', '1', '0', '38');
INSERT INTO `db_cz_cms`.`dictionary` (`id`, `parentid`, `name`, `dictkey`, `value`, `description`, `status`, `isdefault`, `showindex`) VALUES ('77', '38', '阿昌族', 'nation_38', '阿昌族', '39', '1', '0', '39');
INSERT INTO `db_cz_cms`.`dictionary` (`id`, `parentid`, `name`, `dictkey`, `value`, `description`, `status`, `isdefault`, `showindex`) VALUES ('78', '38', '普米族', 'nation_39', '普米族', '40', '1', '0', '40');
INSERT INTO `db_cz_cms`.`dictionary` (`id`, `parentid`, `name`, `dictkey`, `value`, `description`, `status`, `isdefault`, `showindex`) VALUES ('79', '38', '塔吉克族', 'nation_40', '塔吉克族', '41', '1', '0', '41');
INSERT INTO `db_cz_cms`.`dictionary` (`id`, `parentid`, `name`, `dictkey`, `value`, `description`, `status`, `isdefault`, `showindex`) VALUES ('80', '38', '怒族', 'nation_41', '怒族', '42', '1', '0', '42');
INSERT INTO `db_cz_cms`.`dictionary` (`id`, `parentid`, `name`, `dictkey`, `value`, `description`, `status`, `isdefault`, `showindex`) VALUES ('81', '38', '乌孜别克族', 'nation_42', '乌孜别克族', '43', '1', '0', '43');
INSERT INTO `db_cz_cms`.`dictionary` (`id`, `parentid`, `name`, `dictkey`, `value`, `description`, `status`, `isdefault`, `showindex`) VALUES ('82', '38', '俄罗斯族', 'nation_43', '俄罗斯族', '44', '1', '0', '44');
INSERT INTO `db_cz_cms`.`dictionary` (`id`, `parentid`, `name`, `dictkey`, `value`, `description`, `status`, `isdefault`, `showindex`) VALUES ('83', '38', '鄂温克族', 'nation_44', '鄂温克族', '45', '1', '0', '45');
INSERT INTO `db_cz_cms`.`dictionary` (`id`, `parentid`, `name`, `dictkey`, `value`, `description`, `status`, `isdefault`, `showindex`) VALUES ('84', '38', '德昴族', 'nation_45', '德昴族', '46', '1', '0', '46');
INSERT INTO `db_cz_cms`.`dictionary` (`id`, `parentid`, `name`, `dictkey`, `value`, `description`, `status`, `isdefault`, `showindex`) VALUES ('85', '38', '保安族', 'nation_46', '保安族', '47', '1', '0', '47');
INSERT INTO `db_cz_cms`.`dictionary` (`id`, `parentid`, `name`, `dictkey`, `value`, `description`, `status`, `isdefault`, `showindex`) VALUES ('86', '38', '裕固族', 'nation_47', '裕固族', '48', '1', '0', '48');
INSERT INTO `db_cz_cms`.`dictionary` (`id`, `parentid`, `name`, `dictkey`, `value`, `description`, `status`, `isdefault`, `showindex`) VALUES ('87', '38', '京族', 'nation_48', '京族', '49', '1', '0', '49');
INSERT INTO `db_cz_cms`.`dictionary` (`id`, `parentid`, `name`, `dictkey`, `value`, `description`, `status`, `isdefault`, `showindex`) VALUES ('88', '38', '塔塔尔族', 'nation_49', '塔塔尔族', '50', '1', '0', '50');
INSERT INTO `db_cz_cms`.`dictionary` (`id`, `parentid`, `name`, `dictkey`, `value`, `description`, `status`, `isdefault`, `showindex`) VALUES ('89', '38', '独龙族', 'nation_50', '独龙族', '51', '1', '0', '51');
INSERT INTO `db_cz_cms`.`dictionary` (`id`, `parentid`, `name`, `dictkey`, `value`, `description`, `status`, `isdefault`, `showindex`) VALUES ('90', '38', '鄂伦春族', 'nation_51', '鄂伦春族', '52', '1', '0', '52');
INSERT INTO `db_cz_cms`.`dictionary` (`id`, `parentid`, `name`, `dictkey`, `value`, `description`, `status`, `isdefault`, `showindex`) VALUES ('91', '38', '赫哲族', 'nation_52', '赫哲族', '53', '1', '0', '53');
INSERT INTO `db_cz_cms`.`dictionary` (`id`, `parentid`, `name`, `dictkey`, `value`, `description`, `status`, `isdefault`, `showindex`) VALUES ('92', '38', '门巴族', 'nation_53', '门巴族', '54', '1', '0', '54');
INSERT INTO `db_cz_cms`.`dictionary` (`id`, `parentid`, `name`, `dictkey`, `value`, `description`, `status`, `isdefault`, `showindex`) VALUES ('93', '38', '珞巴族', 'nation_54', '珞巴族', '55', '1', '0', '55');
INSERT INTO `db_cz_cms`.`dictionary` (`id`, `parentid`, `name`, `dictkey`, `value`, `description`, `status`, `isdefault`, `showindex`) VALUES ('94', '38', '基诺族', 'nation_55', '基诺族', '56', '1', '0', '56');
INSERT INTO `db_cz_cms`.`dictionary` (`id`, `parentid`, `name`, `dictkey`, `value`, `description`, `status`, `isdefault`, `showindex`) VALUES ('95', '1', '性别', 'sex', '性别', '性别', '1', '0', '10');
INSERT INTO `db_cz_cms`.`dictionary` (`id`, `parentid`, `name`, `dictkey`, `value`, `description`, `status`, `isdefault`, `showindex`) VALUES ('96', '95', '男', 'sex_0', '男', '1', '1', '0', '1');
INSERT INTO `db_cz_cms`.`dictionary` (`id`, `parentid`, `name`, `dictkey`, `value`, `description`, `status`, `isdefault`, `showindex`) VALUES ('97', '95', '女', 'sex_1', '女', '2', '1', '0', '2');
INSERT INTO `db_cz_cms`.`dictionary` (`id`, `parentid`, `name`, `dictkey`, `value`, `description`, `status`, `isdefault`, `showindex`) VALUES ('98', '1', '婚姻状态', 'marital_status', '婚姻状态', '婚姻状态', '1', '0', '11');
INSERT INTO `db_cz_cms`.`dictionary` (`id`, `parentid`, `name`, `dictkey`, `value`, `description`, `status`, `isdefault`, `showindex`) VALUES ('99', '98', '未婚', 'marital_status_0', '未婚', '10', '1', '0', '1');
INSERT INTO `db_cz_cms`.`dictionary` (`id`, `parentid`, `name`, `dictkey`, `value`, `description`, `status`, `isdefault`, `showindex`) VALUES ('100', '98', '已婚', 'marital_status_1', '已婚', '20', '1', '0', '2');
INSERT INTO `db_cz_cms`.`dictionary` (`id`, `parentid`, `name`, `dictkey`, `value`, `description`, `status`, `isdefault`, `showindex`) VALUES ('101', '98', '初婚', 'marital_status_2', '初婚', '21', '1', '0', '3');
INSERT INTO `db_cz_cms`.`dictionary` (`id`, `parentid`, `name`, `dictkey`, `value`, `description`, `status`, `isdefault`, `showindex`) VALUES ('102', '98', '再婚', 'marital_status_3', '再婚', '22', '1', '0', '4');
INSERT INTO `db_cz_cms`.`dictionary` (`id`, `parentid`, `name`, `dictkey`, `value`, `description`, `status`, `isdefault`, `showindex`) VALUES ('103', '98', '复婚', 'marital_status_0', '复婚', '23', '1', '0', '1');
INSERT INTO `db_cz_cms`.`dictionary` (`id`, `parentid`, `name`, `dictkey`, `value`, `description`, `status`, `isdefault`, `showindex`) VALUES ('104', '98', '丧偶', 'marital_status_1', '丧偶', '30', '1', '0', '2');
INSERT INTO `db_cz_cms`.`dictionary` (`id`, `parentid`, `name`, `dictkey`, `value`, `description`, `status`, `isdefault`, `showindex`) VALUES ('105', '98', '离婚', 'marital_status_2', '离婚', '40', '1', '0', '3');
INSERT INTO `db_cz_cms`.`dictionary` (`id`, `parentid`, `name`, `dictkey`, `value`, `description`, `status`, `isdefault`, `showindex`) VALUES ('106', '98', '未说明的婚姻状况', 'marital_status_3', '未说明的婚姻状况', '90', '1', '0', '4');
INSERT INTO `db_cz_cms`.`dictionary` (`id`, `parentid`, `name`, `dictkey`, `value`, `description`, `status`, `isdefault`, `showindex`) VALUES ('107', '1', '职业', 'professional', '职业', '职业', '1', '0', '12');
INSERT INTO `db_cz_cms`.`dictionary` (`id`, `parentid`, `name`, `dictkey`, `value`, `description`, `status`, `isdefault`, `showindex`) VALUES ('108', '107', '国家机关、党群组织、企业、事业单位负责人', 'professional_0', '国家机关、党群组织、企业、事业单位负责人', '0', '1', '0', '1');
INSERT INTO `db_cz_cms`.`dictionary` (`id`, `parentid`, `name`, `dictkey`, `value`, `description`, `status`, `isdefault`, `showindex`) VALUES ('109', '107', '专业技术人员', 'professional_1', '专业技术人员', '1/2', '1', '0', '2');
INSERT INTO `db_cz_cms`.`dictionary` (`id`, `parentid`, `name`, `dictkey`, `value`, `description`, `status`, `isdefault`, `showindex`) VALUES ('110', '107', '办事人员和有关人员', 'professional_2', '办事人员和有关人员', '3', '1', '0', '3');
INSERT INTO `db_cz_cms`.`dictionary` (`id`, `parentid`, `name`, `dictkey`, `value`, `description`, `status`, `isdefault`, `showindex`) VALUES ('111', '107', '商业、服务业人员', 'professional_3', '商业、服务业人员', '4', '1', '0', '4');
INSERT INTO `db_cz_cms`.`dictionary` (`id`, `parentid`, `name`, `dictkey`, `value`, `description`, `status`, `isdefault`, `showindex`) VALUES ('112', '107', '农、林、牧、渔、水利业生产人员', 'professional_4', '农、林、牧、渔、水利业生产人员', '5', '1', '0', '5');
INSERT INTO `db_cz_cms`.`dictionary` (`id`, `parentid`, `name`, `dictkey`, `value`, `description`, `status`, `isdefault`, `showindex`) VALUES ('113', '107', '生产、运输设备操作人员及有关人员', 'professional_5', '生产、运输设备操作人员及有关人员', '6/7/8/9', '1', '0', '6');
INSERT INTO `db_cz_cms`.`dictionary` (`id`, `parentid`, `name`, `dictkey`, `value`, `description`, `status`, `isdefault`, `showindex`) VALUES ('114', '107', '军人', 'professional_6', '军人', 'X', '1', '0', '7');
INSERT INTO `db_cz_cms`.`dictionary` (`id`, `parentid`, `name`, `dictkey`, `value`, `description`, `status`, `isdefault`, `showindex`) VALUES ('115', '107', '不便分类的其他从业人员', 'professional_7', '不便分类的其他从业人员', 'Y', '1', '0', '8');
INSERT INTO `db_cz_cms`.`dictionary` (`id`, `parentid`, `name`, `dictkey`, `value`, `description`, `status`, `isdefault`, `showindex`) VALUES ('116', '1', '卡状态', 'card_status', '卡状态', '卡状态', '1', '0', '13');
INSERT INTO `db_cz_cms`.`dictionary` (`id`, `parentid`, `name`, `dictkey`, `value`, `description`, `status`, `isdefault`, `showindex`) VALUES ('117', '116', '正常', 'card_status_0', '正常', '正常', '1', '0', '1');
INSERT INTO `db_cz_cms`.`dictionary` (`id`, `parentid`, `name`, `dictkey`, `value`, `description`, `status`, `isdefault`, `showindex`) VALUES ('118', '116', '不正常', 'card_status_1', '不正常', '不正常', '1', '0', '2');
INSERT INTO `db_cz_cms`.`dictionary` (`id`, `parentid`, `name`, `dictkey`, `value`, `description`, `status`, `isdefault`, `showindex`) VALUES ('119', '1', '卡同步状态', 'card_sync_status', '卡同步状态', '卡同步状态', '1', '0', '14');
INSERT INTO `db_cz_cms`.`dictionary` (`id`, `parentid`, `name`, `dictkey`, `value`, `description`, `status`, `isdefault`, `showindex`) VALUES ('120', '119', '未同步', 'card_sync_status_0', '未同步', '0', '1', '0', '1');
INSERT INTO `db_cz_cms`.`dictionary` (`id`, `parentid`, `name`, `dictkey`, `value`, `description`, `status`, `isdefault`, `showindex`) VALUES ('121', '119', '同步成功', 'card_sync_status_1', '同步成功', '1', '1', '0', '2');
INSERT INTO `db_cz_cms`.`dictionary` (`id`, `parentid`, `name`, `dictkey`, `value`, `description`, `status`, `isdefault`, `showindex`) VALUES ('122', '119', '同步失败', 'card_sync_status_2', '同步失败', '2', '1', '0', '3');
INSERT INTO `db_cz_cms`.`dictionary` (`id`, `parentid`, `name`, `dictkey`, `value`, `description`, `status`, `isdefault`, `showindex`) VALUES ('123', '1', '医疗支付方式', 'medical_payment', '医疗支付方式', '医疗支付方式', '1', '0', '15');
INSERT INTO `db_cz_cms`.`dictionary` (`id`, `parentid`, `name`, `dictkey`, `value`, `description`, `status`, `isdefault`, `showindex`) VALUES ('124', '123', '支付宝支付', 'medical_payment_0', '支付宝支付', '1', '1', '0', '1');
INSERT INTO `db_cz_cms`.`dictionary` (`id`, `parentid`, `name`, `dictkey`, `value`, `description`, `status`, `isdefault`, `showindex`) VALUES ('125', '123', '易支付', 'medical_payment_1', '易支付', '2', '1', '0', '2');
INSERT INTO `db_cz_cms`.`dictionary` (`id`, `parentid`, `name`, `dictkey`, `value`, `description`, `status`, `isdefault`, `showindex`) VALUES ('126', '1', '卡的类别', 'card_type', '卡的类别', '卡的类别', '1', '0', '16');
INSERT INTO `db_cz_cms`.`dictionary` (`id`, `parentid`, `name`, `dictkey`, `value`, `description`, `status`, `isdefault`, `showindex`) VALUES ('127', '126', '银行卡', 'card_type_0', '银行卡', '1', '1', '0', '1');
INSERT INTO `db_cz_cms`.`dictionary` (`id`, `parentid`, `name`, `dictkey`, `value`, `description`, `status`, `isdefault`, `showindex`) VALUES ('128', '126', '芯片卡', 'card_type_1', '芯片卡', '2', '1', '0', '2');
INSERT INTO `db_cz_cms`.`dictionary` (`id`, `parentid`, `name`, `dictkey`, `value`, `description`, `status`, `isdefault`, `showindex`) VALUES ('129', '1', '发卡机构', 'issuers_card_name', '发卡机构', '发卡机构', '1', '0', '17');
INSERT INTO `db_cz_cms`.`dictionary` (`id`, `parentid`, `name`, `dictkey`, `value`, `description`, `status`, `isdefault`, `showindex`) VALUES ('130', '129', '成都市卫计委', 'issuers_card_name_0', '成都市卫计委', '342982948', '1', '0', '1');
INSERT INTO `db_cz_cms`.`dictionary` (`id`, `parentid`, `name`, `dictkey`, `value`, `description`, `status`, `isdefault`, `showindex`) VALUES ('131', '1', '民政性质', 'isCivilAffairs', '民政性质', '民政性质', '1', '0', '18');
INSERT INTO `db_cz_cms`.`dictionary` (`id`, `parentid`, `name`, `dictkey`, `value`, `description`, `status`, `isdefault`, `showindex`) VALUES ('132', '131', '农村户口', 'isCivilAffairs_0', '农村户口', '1', '1', '0', '1');
INSERT INTO `db_cz_cms`.`dictionary` (`id`, `parentid`, `name`, `dictkey`, `value`, `description`, `status`, `isdefault`, `showindex`) VALUES ('133', '131', '城镇性质', 'isCivilAffairs_2', '城镇性质', '2', '1', '0', '2');
INSERT INTO `db_cz_cms`.`dictionary` (`id`, `parentid`, `name`, `dictkey`, `value`, `description`, `status`, `isdefault`, `showindex`) VALUES ('134', '1', '残联性质', 'isDisableFederation', '残联性质', '残联性质', '1', '0', '19');
INSERT INTO `db_cz_cms`.`dictionary` (`id`, `parentid`, `name`, `dictkey`, `value`, `description`, `status`, `isdefault`, `showindex`) VALUES ('135', '134', '残联性质一', 'isDisableFederation_1', '残联性质一', '残联性质一', '1', '0', '1');
INSERT INTO `db_cz_cms`.`dictionary` (`id`, `parentid`, `name`, `dictkey`, `value`, `description`, `status`, `isdefault`, `showindex`) VALUES ('136', '134', '残联性质二', 'isDisableFederation_2', '残联性质二', '残联性质二', '1', '0', '2');
INSERT INTO `db_cz_cms`.`dictionary` (`id`, `parentid`, `name`, `dictkey`, `value`, `description`, `status`, `isdefault`, `showindex`) VALUES ('137', '1', '工资卡银行信息', 'bank_payroll_card', '工资卡银行信息', '工资卡银行信息', '1', '0', '20');
INSERT INTO `db_cz_cms`.`dictionary` (`id`, `parentid`, `name`, `dictkey`, `value`, `description`, `status`, `isdefault`, `showindex`) VALUES ('138', '137', '工商银行', 'bank_payroll_card_0', '工商银行', '0102', '1', '0', '1');
INSERT INTO `db_cz_cms`.`dictionary` (`id`, `parentid`, `name`, `dictkey`, `value`, `description`, `status`, `isdefault`, `showindex`) VALUES ('139', '137', '农业银行', 'bank_payroll_card_1', '农业银行', '0103', '1', '0', '2');
INSERT INTO `db_cz_cms`.`dictionary` (`id`, `parentid`, `name`, `dictkey`, `value`, `description`, `status`, `isdefault`, `showindex`) VALUES ('140', '137', '中国银行', 'bank_payroll_card_2', '中国银行', '0104', '1', '0', '3');
INSERT INTO `db_cz_cms`.`dictionary` (`id`, `parentid`, `name`, `dictkey`, `value`, `description`, `status`, `isdefault`, `showindex`) VALUES ('141', '137', '建设银行', 'bank_payroll_card_3', '建设银行', '0105', '1', '0', '4');
INSERT INTO `db_cz_cms`.`dictionary` (`id`, `parentid`, `name`, `dictkey`, `value`, `description`, `status`, `isdefault`, `showindex`) VALUES ('142', '137', '成都银行', 'bank_payroll_card_4', '成都银行', '1422', '1', '0', '5');
INSERT INTO `db_cz_cms`.`dictionary` (`id`, `parentid`, `name`, `dictkey`, `value`, `description`, `status`, `isdefault`, `showindex`) VALUES ('143', '137', '成都农信社', 'bank_payroll_card_5', '成都农信社', '0429', '1', '0', '6');
INSERT INTO `db_cz_cms`.`dictionary` (`id`, `parentid`, `name`, `dictkey`, `value`, `description`, `status`, `isdefault`, `showindex`) VALUES ('144', '137', '其他', 'bank_payroll_card_6', '其他', '9999', '1', '0', '7');
INSERT INTO `db_cz_cms`.`dictionary` (`id`, `parentid`, `name`, `dictkey`, `value`, `description`, `status`, `isdefault`, `showindex`) VALUES ('145', '1', '健康卡发放银行信息', 'bank_health_card', '健康卡发放银行信息', '健康卡发放银行信息', '1', '0', '21');
INSERT INTO `db_cz_cms`.`dictionary` (`id`, `parentid`, `name`, `dictkey`, `value`, `description`, `status`, `isdefault`, `showindex`) VALUES ('146', '145', '工商银行', 'bank_health_card_0', '工商银行', '0102', '1', '0', '1');
INSERT INTO `db_cz_cms`.`dictionary` (`id`, `parentid`, `name`, `dictkey`, `value`, `description`, `status`, `isdefault`, `showindex`) VALUES ('147', '145', '农业银行', 'bank_health_card_1', '农业银行', '0103', '1', '0', '2');
INSERT INTO `db_cz_cms`.`dictionary` (`id`, `parentid`, `name`, `dictkey`, `value`, `description`, `status`, `isdefault`, `showindex`) VALUES ('148', '145', '中国银行', 'bank_health_card_2', '中国银行', '0104', '1', '0', '3');
INSERT INTO `db_cz_cms`.`dictionary` (`id`, `parentid`, `name`, `dictkey`, `value`, `description`, `status`, `isdefault`, `showindex`) VALUES ('149', '145', '建设银行', 'bank_health_card_3', '建设银行', '0105', '1', '0', '4');
INSERT INTO `db_cz_cms`.`dictionary` (`id`, `parentid`, `name`, `dictkey`, `value`, `description`, `status`, `isdefault`, `showindex`) VALUES ('150', '145', '成都银行', 'bank_health_card_4', '成都银行', '1422', '1', '0', '5');
INSERT INTO `db_cz_cms`.`dictionary` (`id`, `parentid`, `name`, `dictkey`, `value`, `description`, `status`, `isdefault`, `showindex`) VALUES ('151', '145', '成都农信社', 'bank_health_card_5', '成都农信社', '0429', '1', '0', '6');
INSERT INTO `db_cz_cms`.`dictionary` (`id`, `parentid`, `name`, `dictkey`, `value`, `description`, `status`, `isdefault`, `showindex`) VALUES ('152', '1', '行业代码', 'industry', '行业代码', '行业代码', '1', '0', '22');
INSERT INTO `db_cz_cms`.`dictionary` (`id`, `parentid`, `name`, `dictkey`, `value`, `description`, `status`, `isdefault`, `showindex`) VALUES ('153', '152', '农、林、牧、渔业', 'industry_0', '农、林、牧、渔业', 'A', '1', '0', '1');
INSERT INTO `db_cz_cms`.`dictionary` (`id`, `parentid`, `name`, `dictkey`, `value`, `description`, `status`, `isdefault`, `showindex`) VALUES ('154', '152', '采矿业', 'industry_1', '采矿业', 'B', '1', '0', '2');
INSERT INTO `db_cz_cms`.`dictionary` (`id`, `parentid`, `name`, `dictkey`, `value`, `description`, `status`, `isdefault`, `showindex`) VALUES ('155', '152', '制造业', 'industry_2', '制造业', 'C', '1', '0', '3');
INSERT INTO `db_cz_cms`.`dictionary` (`id`, `parentid`, `name`, `dictkey`, `value`, `description`, `status`, `isdefault`, `showindex`) VALUES ('156', '152', '电力、热力、燃气及水生产和供应业', 'industry_3', '电力、热力、燃气及水生产和供应业', 'D', '1', '0', '4');
INSERT INTO `db_cz_cms`.`dictionary` (`id`, `parentid`, `name`, `dictkey`, `value`, `description`, `status`, `isdefault`, `showindex`) VALUES ('157', '152', '建筑业', 'industry_4', '建筑业', 'E', '1', '0', '5');
INSERT INTO `db_cz_cms`.`dictionary` (`id`, `parentid`, `name`, `dictkey`, `value`, `description`, `status`, `isdefault`, `showindex`) VALUES ('158', '152', '批发和零售业', 'industry_5', '批发和零售业', 'F', '1', '0', '6');
INSERT INTO `db_cz_cms`.`dictionary` (`id`, `parentid`, `name`, `dictkey`, `value`, `description`, `status`, `isdefault`, `showindex`) VALUES ('159', '152', '交通运输、仓储和邮政业', 'industry_6', '交通运输、仓储和邮政业', 'G', '1', '0', '7');
INSERT INTO `db_cz_cms`.`dictionary` (`id`, `parentid`, `name`, `dictkey`, `value`, `description`, `status`, `isdefault`, `showindex`) VALUES ('160', '152', '住宿和餐饮业', 'industry_7', '住宿和餐饮业', 'H', '1', '0', '8');
INSERT INTO `db_cz_cms`.`dictionary` (`id`, `parentid`, `name`, `dictkey`, `value`, `description`, `status`, `isdefault`, `showindex`) VALUES ('161', '152', '信息传输、软件和信息技术服务业', 'industry_8', '信息传输、软件和信息技术服务业', 'I', '1', '0', '9');
INSERT INTO `db_cz_cms`.`dictionary` (`id`, `parentid`, `name`, `dictkey`, `value`, `description`, `status`, `isdefault`, `showindex`) VALUES ('162', '152', '金融业', 'industry_9', '金融业', 'J', '1', '0', '10');
INSERT INTO `db_cz_cms`.`dictionary` (`id`, `parentid`, `name`, `dictkey`, `value`, `description`, `status`, `isdefault`, `showindex`) VALUES ('163', '152', '房地产业', 'industry_10', '房地产业', 'K', '1', '0', '11');
INSERT INTO `db_cz_cms`.`dictionary` (`id`, `parentid`, `name`, `dictkey`, `value`, `description`, `status`, `isdefault`, `showindex`) VALUES ('164', '152', '租赁和商务服务业', 'industry_11', '租赁和商务服务业', 'L', '1', '0', '12');
INSERT INTO `db_cz_cms`.`dictionary` (`id`, `parentid`, `name`, `dictkey`, `value`, `description`, `status`, `isdefault`, `showindex`) VALUES ('165', '152', '科学研究和技术服务业', 'industry_12', '科学研究和技术服务业', 'M', '1', '0', '13');
INSERT INTO `db_cz_cms`.`dictionary` (`id`, `parentid`, `name`, `dictkey`, `value`, `description`, `status`, `isdefault`, `showindex`) VALUES ('166', '152', '水利、环境和公共设施管理业', 'industry_13', '水利、环境和公共设施管理业', 'N', '1', '0', '14');
INSERT INTO `db_cz_cms`.`dictionary` (`id`, `parentid`, `name`, `dictkey`, `value`, `description`, `status`, `isdefault`, `showindex`) VALUES ('167', '152', '居民服务、修理和其他服务业', 'industry_14', '居民服务、修理和其他服务业', 'O', '1', '0', '15');
INSERT INTO `db_cz_cms`.`dictionary` (`id`, `parentid`, `name`, `dictkey`, `value`, `description`, `status`, `isdefault`, `showindex`) VALUES ('168', '152', '教育', 'industry_15', '教育', 'P', '1', '0', '16');
INSERT INTO `db_cz_cms`.`dictionary` (`id`, `parentid`, `name`, `dictkey`, `value`, `description`, `status`, `isdefault`, `showindex`) VALUES ('169', '152', '卫生和社会工作', 'industry_16', '卫生和社会工作', 'Q', '1', '0', '17');
INSERT INTO `db_cz_cms`.`dictionary` (`id`, `parentid`, `name`, `dictkey`, `value`, `description`, `status`, `isdefault`, `showindex`) VALUES ('170', '152', '文化、体育和娱乐业', 'industry_17', '文化、体育和娱乐业', 'R', '1', '0', '18');
INSERT INTO `db_cz_cms`.`dictionary` (`id`, `parentid`, `name`, `dictkey`, `value`, `description`, `status`, `isdefault`, `showindex`) VALUES ('171', '152', '公共管理、社会保障和社会组织', 'industry_18', '公共管理、社会保障和社会组织', 'S', '1', '0', '19');
INSERT INTO `db_cz_cms`.`dictionary` (`id`, `parentid`, `name`, `dictkey`, `value`, `description`, `status`, `isdefault`, `showindex`) VALUES ('172', '152', '国际组织', 'industry_19', '国际组织', 'T', '1', '0', '20');


-- 初始化机构区域参数
INSERT INTO `db_cz_cms`.`administrative_division` (`id`, `parentid`, `name`, `address`, `phone`, `zip_code`, `person_charge`, `creator`, `create_date`, `update_date`, `remark`, `is_delete`) VALUES ('1', '0', '崇州市', NULL, NULL, NULL, NULL, '1', '2017-09-05 10:12:24', NULL, NULL, '0');
INSERT INTO `db_cz_cms`.`administrative_division` (`id`, `parentid`, `name`, `address`, `phone`, `zip_code`, `person_charge`, `creator`, `create_date`, `update_date`, `remark`, `is_delete`) VALUES ('2', '1', '崇阳街道', NULL, NULL, NULL, NULL, '1', '2017-09-05 10:12:24', NULL, NULL, '0');
INSERT INTO `db_cz_cms`.`administrative_division` (`id`, `parentid`, `name`, `address`, `phone`, `zip_code`, `person_charge`, `creator`, `create_date`, `update_date`, `remark`, `is_delete`) VALUES ('3', '1', '羊马镇', NULL, NULL, NULL, NULL, '1', '2017-09-05 10:12:24', NULL, NULL, '0');
INSERT INTO `db_cz_cms`.`administrative_division` (`id`, `parentid`, `name`, `address`, `phone`, `zip_code`, `person_charge`, `creator`, `create_date`, `update_date`, `remark`, `is_delete`) VALUES ('4', '1', '崇平镇', NULL, NULL, NULL, NULL, '1', '2017-09-05 10:12:24', NULL, NULL, '0');
INSERT INTO `db_cz_cms`.`administrative_division` (`id`, `parentid`, `name`, `address`, `phone`, `zip_code`, `person_charge`, `creator`, `create_date`, `update_date`, `remark`, `is_delete`) VALUES ('5', '1', '三江镇', NULL, NULL, NULL, NULL, '1', '2017-09-05 10:12:24', NULL, NULL, '0');
INSERT INTO `db_cz_cms`.`administrative_division` (`id`, `parentid`, `name`, `address`, `phone`, `zip_code`, `person_charge`, `creator`, `create_date`, `update_date`, `remark`, `is_delete`) VALUES ('6', '1', '江源镇', NULL, NULL, NULL, NULL, '1', '2017-09-05 10:12:24', NULL, NULL, '0');
INSERT INTO `db_cz_cms`.`administrative_division` (`id`, `parentid`, `name`, `address`, `phone`, `zip_code`, `person_charge`, `creator`, `create_date`, `update_date`, `remark`, `is_delete`) VALUES ('7', '1', '廖家镇', NULL, NULL, NULL, NULL, '1', '2017-09-05 10:12:24', NULL, NULL, '0');
INSERT INTO `db_cz_cms`.`administrative_division` (`id`, `parentid`, `name`, `address`, `phone`, `zip_code`, `person_charge`, `creator`, `create_date`, `update_date`, `remark`, `is_delete`) VALUES ('8', '1', '元通镇', NULL, NULL, NULL, NULL, '1', '2017-09-05 10:12:24', NULL, NULL, '0');
INSERT INTO `db_cz_cms`.`administrative_division` (`id`, `parentid`, `name`, `address`, `phone`, `zip_code`, `person_charge`, `creator`, `create_date`, `update_date`, `remark`, `is_delete`) VALUES ('9', '1', '观胜镇', NULL, NULL, NULL, NULL, '1', '2017-09-05 10:12:24', NULL, NULL, '0');
INSERT INTO `db_cz_cms`.`administrative_division` (`id`, `parentid`, `name`, `address`, `phone`, `zip_code`, `person_charge`, `creator`, `create_date`, `update_date`, `remark`, `is_delete`) VALUES ('10', '1', '怀远镇', NULL, NULL, NULL, NULL, '1', '2017-09-05 10:12:24', NULL, NULL, '0');
INSERT INTO `db_cz_cms`.`administrative_division` (`id`, `parentid`, `name`, `address`, `phone`, `zip_code`, `person_charge`, `creator`, `create_date`, `update_date`, `remark`, `is_delete`) VALUES ('11', '1', '三郎镇', NULL, NULL, NULL, NULL, '1', '2017-09-05 10:12:24', NULL, NULL, '0');
INSERT INTO `db_cz_cms`.`administrative_division` (`id`, `parentid`, `name`, `address`, `phone`, `zip_code`, `person_charge`, `creator`, `create_date`, `update_date`, `remark`, `is_delete`) VALUES ('12', '1', '街子镇', NULL, NULL, NULL, NULL, '1', '2017-09-05 10:12:24', NULL, NULL, '0');
INSERT INTO `db_cz_cms`.`administrative_division` (`id`, `parentid`, `name`, `address`, `phone`, `zip_code`, `person_charge`, `creator`, `create_date`, `update_date`, `remark`, `is_delete`) VALUES ('13', '1', '文井江镇', NULL, NULL, NULL, NULL, '1', '2017-09-05 10:12:24', NULL, NULL, '0');
INSERT INTO `db_cz_cms`.`administrative_division` (`id`, `parentid`, `name`, `address`, `phone`, `zip_code`, `person_charge`, `creator`, `create_date`, `update_date`, `remark`, `is_delete`) VALUES ('14', '1', '王场镇', NULL, NULL, NULL, NULL, '1', '2017-09-05 10:12:24', NULL, NULL, '0');
INSERT INTO `db_cz_cms`.`administrative_division` (`id`, `parentid`, `name`, `address`, `phone`, `zip_code`, `person_charge`, `creator`, `create_date`, `update_date`, `remark`, `is_delete`) VALUES ('15', '1', '白头镇', NULL, NULL, NULL, NULL, '1', '2017-09-05 10:12:24', NULL, NULL, '0');
INSERT INTO `db_cz_cms`.`administrative_division` (`id`, `parentid`, `name`, `address`, `phone`, `zip_code`, `person_charge`, `creator`, `create_date`, `update_date`, `remark`, `is_delete`) VALUES ('16', '1', '道明镇', NULL, NULL, NULL, NULL, '1', '2017-09-05 10:12:24', NULL, NULL, '0');
INSERT INTO `db_cz_cms`.`administrative_division` (`id`, `parentid`, `name`, `address`, `phone`, `zip_code`, `person_charge`, `creator`, `create_date`, `update_date`, `remark`, `is_delete`) VALUES ('17', '1', '隆兴镇', NULL, NULL, NULL, NULL, '1', '2017-09-05 10:12:24', NULL, NULL, '0');
INSERT INTO `db_cz_cms`.`administrative_division` (`id`, `parentid`, `name`, `address`, `phone`, `zip_code`, `person_charge`, `creator`, `create_date`, `update_date`, `remark`, `is_delete`) VALUES ('18', '1', '大划镇', NULL, NULL, NULL, NULL, '1', '2017-09-05 10:12:24', NULL, NULL, '0');
INSERT INTO `db_cz_cms`.`administrative_division` (`id`, `parentid`, `name`, `address`, `phone`, `zip_code`, `person_charge`, `creator`, `create_date`, `update_date`, `remark`, `is_delete`) VALUES ('19', '1', '梓潼镇', NULL, NULL, NULL, NULL, '1', '2017-09-05 10:12:24', NULL, NULL, '0');
INSERT INTO `db_cz_cms`.`administrative_division` (`id`, `parentid`, `name`, `address`, `phone`, `zip_code`, `person_charge`, `creator`, `create_date`, `update_date`, `remark`, `is_delete`) VALUES ('20', '1', '桤泉镇', NULL, NULL, NULL, NULL, '1', '2017-09-05 10:12:24', NULL, NULL, '0');
INSERT INTO `db_cz_cms`.`administrative_division` (`id`, `parentid`, `name`, `address`, `phone`, `zip_code`, `person_charge`, `creator`, `create_date`, `update_date`, `remark`, `is_delete`) VALUES ('21', '1', '锦江乡', NULL, NULL, NULL, NULL, '1', '2017-09-05 10:12:24', NULL, NULL, '0');
INSERT INTO `db_cz_cms`.`administrative_division` (`id`, `parentid`, `name`, `address`, `phone`, `zip_code`, `person_charge`, `creator`, `create_date`, `update_date`, `remark`, `is_delete`) VALUES ('22', '1', '公议乡', NULL, NULL, NULL, NULL, '1', '2017-09-05 10:12:24', NULL, NULL, '0');
INSERT INTO `db_cz_cms`.`administrative_division` (`id`, `parentid`, `name`, `address`, `phone`, `zip_code`, `person_charge`, `creator`, `create_date`, `update_date`, `remark`, `is_delete`) VALUES ('23', '1', '鸡冠山乡', NULL, NULL, NULL, NULL, '1', '2017-09-05 10:12:24', NULL, NULL, '0');
INSERT INTO `db_cz_cms`.`administrative_division` (`id`, `parentid`, `name`, `address`, `phone`, `zip_code`, `person_charge`, `creator`, `create_date`, `update_date`, `remark`, `is_delete`) VALUES ('24', '1', '济协乡', NULL, NULL, NULL, NULL, '1', '2017-09-05 10:12:24', NULL, NULL, '0');
INSERT INTO `db_cz_cms`.`administrative_division` (`id`, `parentid`, `name`, `address`, `phone`, `zip_code`, `person_charge`, `creator`, `create_date`, `update_date`, `remark`, `is_delete`) VALUES ('25', '1', '燎原乡', NULL, NULL, NULL, NULL, '1', '2017-09-05 10:12:24', NULL, NULL, '0');
INSERT INTO `db_cz_cms`.`administrative_division` (`id`, `parentid`, `name`, `address`, `phone`, `zip_code`, `person_charge`, `creator`, `create_date`, `update_date`, `remark`, `is_delete`) VALUES ('26', '1', '集贤乡', NULL, NULL, NULL, NULL, '1', '2017-09-05 10:12:24', NULL, NULL, '0');
INSERT INTO `db_cz_cms`.`administrative_division` (`id`, `parentid`, `name`, `address`, `phone`, `zip_code`, `person_charge`, `creator`, `create_date`, `update_date`, `remark`, `is_delete`) VALUES ('27', '2', '西桥社区', NULL, NULL, NULL, NULL, '1', '2017-09-05 10:12:24', NULL, NULL, '0');
INSERT INTO `db_cz_cms`.`administrative_division` (`id`, `parentid`, `name`, `address`, `phone`, `zip_code`, `person_charge`, `creator`, `create_date`, `update_date`, `remark`, `is_delete`) VALUES ('28', '2', '朱氏街社区', NULL, NULL, NULL, NULL, '1', '2017-09-05 10:12:24', NULL, NULL, '0');
INSERT INTO `db_cz_cms`.`administrative_division` (`id`, `parentid`, `name`, `address`, `phone`, `zip_code`, `person_charge`, `creator`, `create_date`, `update_date`, `remark`, `is_delete`) VALUES ('29', '2', '北楸社区', NULL, NULL, NULL, NULL, '1', '2017-09-05 10:12:24', NULL, NULL, '0');
INSERT INTO `db_cz_cms`.`administrative_division` (`id`, `parentid`, `name`, `address`, `phone`, `zip_code`, `person_charge`, `creator`, `create_date`, `update_date`, `remark`, `is_delete`) VALUES ('30', '2', '崇庆中路社区', NULL, NULL, NULL, NULL, '1', '2017-09-05 10:12:24', NULL, NULL, '0');
INSERT INTO `db_cz_cms`.`administrative_division` (`id`, `parentid`, `name`, `address`, `phone`, `zip_code`, `person_charge`, `creator`, `create_date`, `update_date`, `remark`, `is_delete`) VALUES ('31', '2', '三元街社区', NULL, NULL, NULL, NULL, '1', '2017-09-05 10:12:24', NULL, NULL, '0');
INSERT INTO `db_cz_cms`.`administrative_division` (`id`, `parentid`, `name`, `address`, `phone`, `zip_code`, `person_charge`, `creator`, `create_date`, `update_date`, `remark`, `is_delete`) VALUES ('32', '2', '红桥村', NULL, NULL, NULL, NULL, '1', '2017-09-05 10:12:24', NULL, NULL, '0');
INSERT INTO `db_cz_cms`.`administrative_division` (`id`, `parentid`, `name`, `address`, `phone`, `zip_code`, `person_charge`, `creator`, `create_date`, `update_date`, `remark`, `is_delete`) VALUES ('33', '2', '小罗村', NULL, NULL, NULL, NULL, '1', '2017-09-05 10:12:24', NULL, NULL, '0');
INSERT INTO `db_cz_cms`.`administrative_division` (`id`, `parentid`, `name`, `address`, `phone`, `zip_code`, `person_charge`, `creator`, `create_date`, `update_date`, `remark`, `is_delete`) VALUES ('34', '2', '白云村', NULL, NULL, NULL, NULL, '1', '2017-09-05 10:12:24', NULL, NULL, '0');
INSERT INTO `db_cz_cms`.`administrative_division` (`id`, `parentid`, `name`, `address`, `phone`, `zip_code`, `person_charge`, `creator`, `create_date`, `update_date`, `remark`, `is_delete`) VALUES ('35', '2', '西河社区', NULL, NULL, NULL, NULL, '1', '2017-09-05 10:12:24', NULL, NULL, '0');
INSERT INTO `db_cz_cms`.`administrative_division` (`id`, `parentid`, `name`, `address`, `phone`, `zip_code`, `person_charge`, `creator`, `create_date`, `update_date`, `remark`, `is_delete`) VALUES ('36', '2', '唐安西路社区', NULL, NULL, NULL, NULL, '1', '2017-09-05 10:12:24', NULL, NULL, '0');
INSERT INTO `db_cz_cms`.`administrative_division` (`id`, `parentid`, `name`, `address`, `phone`, `zip_code`, `person_charge`, `creator`, `create_date`, `update_date`, `remark`, `is_delete`) VALUES ('37', '2', '永安路社区', NULL, NULL, NULL, NULL, '1', '2017-09-05 10:12:24', NULL, NULL, '0');
INSERT INTO `db_cz_cms`.`administrative_division` (`id`, `parentid`, `name`, `address`, `phone`, `zip_code`, `person_charge`, `creator`, `create_date`, `update_date`, `remark`, `is_delete`) VALUES ('38', '2', '崇庆北路社区', NULL, NULL, NULL, NULL, '1', '2017-09-05 10:12:24', NULL, NULL, '0');
INSERT INTO `db_cz_cms`.`administrative_division` (`id`, `parentid`, `name`, `address`, `phone`, `zip_code`, `person_charge`, `creator`, `create_date`, `update_date`, `remark`, `is_delete`) VALUES ('39', '2', '水陆村', NULL, NULL, NULL, NULL, '1', '2017-09-05 10:12:24', NULL, NULL, '0');
INSERT INTO `db_cz_cms`.`administrative_division` (`id`, `parentid`, `name`, `address`, `phone`, `zip_code`, `person_charge`, `creator`, `create_date`, `update_date`, `remark`, `is_delete`) VALUES ('40', '2', '东泉村', NULL, NULL, NULL, NULL, '1', '2017-09-05 10:12:24', NULL, NULL, '0');
INSERT INTO `db_cz_cms`.`administrative_division` (`id`, `parentid`, `name`, `address`, `phone`, `zip_code`, `person_charge`, `creator`, `create_date`, `update_date`, `remark`, `is_delete`) VALUES ('41', '2', '石埂村', NULL, NULL, NULL, NULL, '1', '2017-09-05 10:12:24', NULL, NULL, '0');
INSERT INTO `db_cz_cms`.`administrative_division` (`id`, `parentid`, `name`, `address`, `phone`, `zip_code`, `person_charge`, `creator`, `create_date`, `update_date`, `remark`, `is_delete`) VALUES ('42', '2', '唐安村', NULL, NULL, NULL, NULL, '1', '2017-09-05 10:12:24', NULL, NULL, '0');
INSERT INTO `db_cz_cms`.`administrative_division` (`id`, `parentid`, `name`, `address`, `phone`, `zip_code`, `person_charge`, `creator`, `create_date`, `update_date`, `remark`, `is_delete`) VALUES ('43', '2', '白碾社区', NULL, NULL, NULL, NULL, '1', '2017-09-05 10:12:24', NULL, NULL, '0');
INSERT INTO `db_cz_cms`.`administrative_division` (`id`, `parentid`, `name`, `address`, `phone`, `zip_code`, `person_charge`, `creator`, `create_date`, `update_date`, `remark`, `is_delete`) VALUES ('44', '2', '三和社区', NULL, NULL, NULL, NULL, '1', '2017-09-05 10:12:24', NULL, NULL, '0');
INSERT INTO `db_cz_cms`.`administrative_division` (`id`, `parentid`, `name`, `address`, `phone`, `zip_code`, `person_charge`, `creator`, `create_date`, `update_date`, `remark`, `is_delete`) VALUES ('45', '2', '蜀州北路社区', NULL, NULL, NULL, NULL, '1', '2017-09-05 10:12:24', NULL, NULL, '0');
INSERT INTO `db_cz_cms`.`administrative_division` (`id`, `parentid`, `name`, `address`, `phone`, `zip_code`, `person_charge`, `creator`, `create_date`, `update_date`, `remark`, `is_delete`) VALUES ('46', '2', '蜀州南路社区', NULL, NULL, NULL, NULL, '1', '2017-09-05 10:12:24', NULL, NULL, '0');
INSERT INTO `db_cz_cms`.`administrative_division` (`id`, `parentid`, `name`, `address`, `phone`, `zip_code`, `person_charge`, `creator`, `create_date`, `update_date`, `remark`, `is_delete`) VALUES ('47', '2', '彭庙村', NULL, NULL, NULL, NULL, '1', '2017-09-05 10:12:24', NULL, NULL, '0');
INSERT INTO `db_cz_cms`.`administrative_division` (`id`, `parentid`, `name`, `address`, `phone`, `zip_code`, `person_charge`, `creator`, `create_date`, `update_date`, `remark`, `is_delete`) VALUES ('48', '2', '清平村', NULL, NULL, NULL, NULL, '1', '2017-09-05 10:12:24', NULL, NULL, '0');
INSERT INTO `db_cz_cms`.`administrative_division` (`id`, `parentid`, `name`, `address`, `phone`, `zip_code`, `person_charge`, `creator`, `create_date`, `update_date`, `remark`, `is_delete`) VALUES ('49', '2', '白石村', NULL, NULL, NULL, NULL, '1', '2017-09-05 10:12:24', NULL, NULL, '0');
INSERT INTO `db_cz_cms`.`administrative_division` (`id`, `parentid`, `name`, `address`, `phone`, `zip_code`, `person_charge`, `creator`, `create_date`, `update_date`, `remark`, `is_delete`) VALUES ('50', '2', '永安村', NULL, NULL, NULL, NULL, '1', '2017-09-05 10:12:24', NULL, NULL, '0');
INSERT INTO `db_cz_cms`.`administrative_division` (`id`, `parentid`, `name`, `address`, `phone`, `zip_code`, `person_charge`, `creator`, `create_date`, `update_date`, `remark`, `is_delete`) VALUES ('51', '2', '北郊社区', NULL, NULL, NULL, NULL, '1', '2017-09-05 10:12:24', NULL, NULL, '0');
INSERT INTO `db_cz_cms`.`administrative_division` (`id`, `parentid`, `name`, `address`, `phone`, `zip_code`, `person_charge`, `creator`, `create_date`, `update_date`, `remark`, `is_delete`) VALUES ('52', '2', '仁里社区', NULL, NULL, NULL, NULL, '1', '2017-09-05 10:12:24', NULL, NULL, '0');
INSERT INTO `db_cz_cms`.`administrative_division` (`id`, `parentid`, `name`, `address`, `phone`, `zip_code`, `person_charge`, `creator`, `create_date`, `update_date`, `remark`, `is_delete`) VALUES ('53', '2', '汇蜀社区', NULL, NULL, NULL, NULL, '1', '2017-09-05 10:12:24', NULL, NULL, '0');
INSERT INTO `db_cz_cms`.`administrative_division` (`id`, `parentid`, `name`, `address`, `phone`, `zip_code`, `person_charge`, `creator`, `create_date`, `update_date`, `remark`, `is_delete`) VALUES ('54', '2', '永安东路社区', NULL, NULL, NULL, NULL, '1', '2017-09-05 10:12:24', NULL, NULL, '0');
INSERT INTO `db_cz_cms`.`administrative_division` (`id`, `parentid`, `name`, `address`, `phone`, `zip_code`, `person_charge`, `creator`, `create_date`, `update_date`, `remark`, `is_delete`) VALUES ('55', '2', '同心村', NULL, NULL, NULL, NULL, '1', '2017-09-05 10:12:24', NULL, NULL, '0');
INSERT INTO `db_cz_cms`.`administrative_division` (`id`, `parentid`, `name`, `address`, `phone`, `zip_code`, `person_charge`, `creator`, `create_date`, `update_date`, `remark`, `is_delete`) VALUES ('56', '2', '棋盘村', NULL, NULL, NULL, NULL, '1', '2017-09-05 10:12:24', NULL, NULL, '0');
INSERT INTO `db_cz_cms`.`administrative_division` (`id`, `parentid`, `name`, `address`, `phone`, `zip_code`, `person_charge`, `creator`, `create_date`, `update_date`, `remark`, `is_delete`) VALUES ('57', '2', '黑铺村', NULL, NULL, NULL, NULL, '1', '2017-09-05 10:12:24', NULL, NULL, '0');
INSERT INTO `db_cz_cms`.`administrative_division` (`id`, `parentid`, `name`, `address`, `phone`, `zip_code`, `person_charge`, `creator`, `create_date`, `update_date`, `remark`, `is_delete`) VALUES ('58', '2', '毛桥社区', NULL, NULL, NULL, NULL, '1', '2017-09-05 10:12:24', NULL, NULL, '0');
INSERT INTO `db_cz_cms`.`administrative_division` (`id`, `parentid`, `name`, `address`, `phone`, `zip_code`, `person_charge`, `creator`, `create_date`, `update_date`, `remark`, `is_delete`) VALUES ('59', '2', '石羊社区', NULL, NULL, NULL, NULL, '1', '2017-09-05 10:12:24', NULL, NULL, '0');
INSERT INTO `db_cz_cms`.`administrative_division` (`id`, `parentid`, `name`, `address`, `phone`, `zip_code`, `person_charge`, `creator`, `create_date`, `update_date`, `remark`, `is_delete`) VALUES ('60', '2', '杨祠街社区', NULL, NULL, NULL, NULL, '1', '2017-09-05 10:12:24', NULL, NULL, '0');
INSERT INTO `db_cz_cms`.`administrative_division` (`id`, `parentid`, `name`, `address`, `phone`, `zip_code`, `person_charge`, `creator`, `create_date`, `update_date`, `remark`, `is_delete`) VALUES ('61', '2', '上南街社区', NULL, NULL, NULL, NULL, '1', '2017-09-05 10:12:24', NULL, NULL, '0');
INSERT INTO `db_cz_cms`.`administrative_division` (`id`, `parentid`, `name`, `address`, `phone`, `zip_code`, `person_charge`, `creator`, `create_date`, `update_date`, `remark`, `is_delete`) VALUES ('62', '2', '罗墩村', NULL, NULL, NULL, NULL, '1', '2017-09-05 10:12:24', NULL, NULL, '0');
INSERT INTO `db_cz_cms`.`administrative_division` (`id`, `parentid`, `name`, `address`, `phone`, `zip_code`, `person_charge`, `creator`, `create_date`, `update_date`, `remark`, `is_delete`) VALUES ('63', '2', '高墩村', NULL, NULL, NULL, NULL, '1', '2017-09-05 10:12:24', NULL, NULL, '0');
INSERT INTO `db_cz_cms`.`administrative_division` (`id`, `parentid`, `name`, `address`, `phone`, `zip_code`, `person_charge`, `creator`, `create_date`, `update_date`, `remark`, `is_delete`) VALUES ('64', '2', '王殿村', NULL, NULL, NULL, NULL, '1', '2017-09-05 10:12:24', NULL, NULL, '0');
INSERT INTO `db_cz_cms`.`administrative_division` (`id`, `parentid`, `name`, `address`, `phone`, `zip_code`, `person_charge`, `creator`, `create_date`, `update_date`, `remark`, `is_delete`) VALUES ('65', '3', '辖伏虎村', NULL, NULL, NULL, NULL, '1', '2017-09-05 10:12:24', NULL, NULL, '0');
INSERT INTO `db_cz_cms`.`administrative_division` (`id`, `parentid`, `name`, `address`, `phone`, `zip_code`, `person_charge`, `creator`, `create_date`, `update_date`, `remark`, `is_delete`) VALUES ('66', '3', '福田村', NULL, NULL, NULL, NULL, '1', '2017-09-05 10:12:24', NULL, NULL, '0');
INSERT INTO `db_cz_cms`.`administrative_division` (`id`, `parentid`, `name`, `address`, `phone`, `zip_code`, `person_charge`, `creator`, `create_date`, `update_date`, `remark`, `is_delete`) VALUES ('67', '3', '猫渡村', NULL, NULL, NULL, NULL, '1', '2017-09-05 10:12:24', NULL, NULL, '0');
INSERT INTO `db_cz_cms`.`administrative_division` (`id`, `parentid`, `name`, `address`, `phone`, `zip_code`, `person_charge`, `creator`, `create_date`, `update_date`, `remark`, `is_delete`) VALUES ('68', '3', '安阜社区', NULL, NULL, NULL, NULL, '1', '2017-09-05 10:12:24', NULL, NULL, '0');
INSERT INTO `db_cz_cms`.`administrative_division` (`id`, `parentid`, `name`, `address`, `phone`, `zip_code`, `person_charge`, `creator`, `create_date`, `update_date`, `remark`, `is_delete`) VALUES ('69', '3', '永和村', NULL, NULL, NULL, NULL, '1', '2017-09-05 10:12:24', NULL, NULL, '0');
INSERT INTO `db_cz_cms`.`administrative_division` (`id`, `parentid`, `name`, `address`, `phone`, `zip_code`, `person_charge`, `creator`, `create_date`, `update_date`, `remark`, `is_delete`) VALUES ('70', '3', '东平村', NULL, NULL, NULL, NULL, '1', '2017-09-05 10:12:24', NULL, NULL, '0');
INSERT INTO `db_cz_cms`.`administrative_division` (`id`, `parentid`, `name`, `address`, `phone`, `zip_code`, `person_charge`, `creator`, `create_date`, `update_date`, `remark`, `is_delete`) VALUES ('71', '3', '泗安村', NULL, NULL, NULL, NULL, '1', '2017-09-05 10:12:24', NULL, NULL, '0');
INSERT INTO `db_cz_cms`.`administrative_division` (`id`, `parentid`, `name`, `address`, `phone`, `zip_code`, `person_charge`, `creator`, `create_date`, `update_date`, `remark`, `is_delete`) VALUES ('72', '3', '中华村', NULL, NULL, NULL, NULL, '1', '2017-09-05 10:12:24', NULL, NULL, '0');
INSERT INTO `db_cz_cms`.`administrative_division` (`id`, `parentid`, `name`, `address`, `phone`, `zip_code`, `person_charge`, `creator`, `create_date`, `update_date`, `remark`, `is_delete`) VALUES ('73', '3', '大土村', NULL, NULL, NULL, NULL, '1', '2017-09-05 10:12:24', NULL, NULL, '0');
INSERT INTO `db_cz_cms`.`administrative_division` (`id`, `parentid`, `name`, `address`, `phone`, `zip_code`, `person_charge`, `creator`, `create_date`, `update_date`, `remark`, `is_delete`) VALUES ('74', '3', '凌翔社区', NULL, NULL, NULL, NULL, '1', '2017-09-05 10:12:24', NULL, NULL, '0');
INSERT INTO `db_cz_cms`.`administrative_division` (`id`, `parentid`, `name`, `address`, `phone`, `zip_code`, `person_charge`, `creator`, `create_date`, `update_date`, `remark`, `is_delete`) VALUES ('75', '3', '经功村', NULL, NULL, NULL, NULL, '1', '2017-09-05 10:12:24', NULL, NULL, '0');
INSERT INTO `db_cz_cms`.`administrative_division` (`id`, `parentid`, `name`, `address`, `phone`, `zip_code`, `person_charge`, `creator`, `create_date`, `update_date`, `remark`, `is_delete`) VALUES ('76', '3', '漕溪村', NULL, NULL, NULL, NULL, '1', '2017-09-05 10:12:24', NULL, NULL, '0');
INSERT INTO `db_cz_cms`.`administrative_division` (`id`, `parentid`, `name`, `address`, `phone`, `zip_code`, `person_charge`, `creator`, `create_date`, `update_date`, `remark`, `is_delete`) VALUES ('77', '3', '崇江路社区', NULL, NULL, NULL, NULL, '1', '2017-09-05 10:12:24', NULL, NULL, '0');
INSERT INTO `db_cz_cms`.`administrative_division` (`id`, `parentid`, `name`, `address`, `phone`, `zip_code`, `person_charge`, `creator`, `create_date`, `update_date`, `remark`, `is_delete`) VALUES ('78', '3', '菩提村', NULL, NULL, NULL, NULL, '1', '2017-09-05 10:12:24', NULL, NULL, '0');
INSERT INTO `db_cz_cms`.`administrative_division` (`id`, `parentid`, `name`, `address`, `phone`, `zip_code`, `person_charge`, `creator`, `create_date`, `update_date`, `remark`, `is_delete`) VALUES ('79', '3', '白鸽村', NULL, NULL, NULL, NULL, '1', '2017-09-05 10:12:24', NULL, NULL, '0');
INSERT INTO `db_cz_cms`.`administrative_division` (`id`, `parentid`, `name`, `address`, `phone`, `zip_code`, `person_charge`, `creator`, `create_date`, `update_date`, `remark`, `is_delete`) VALUES ('80', '3', '全友社区', NULL, NULL, NULL, NULL, '1', '2017-09-05 10:12:24', NULL, NULL, '0');
INSERT INTO `db_cz_cms`.`administrative_division` (`id`, `parentid`, `name`, `address`, `phone`, `zip_code`, `person_charge`, `creator`, `create_date`, `update_date`, `remark`, `is_delete`) VALUES ('81', '4', '春风村', NULL, NULL, NULL, NULL, '1', '2017-09-05 10:12:24', NULL, NULL, '0');
INSERT INTO `db_cz_cms`.`administrative_division` (`id`, `parentid`, `name`, `address`, `phone`, `zip_code`, `person_charge`, `creator`, `create_date`, `update_date`, `remark`, `is_delete`) VALUES ('82', '4', '全兴村', NULL, NULL, NULL, NULL, '1', '2017-09-05 10:12:24', NULL, NULL, '0');
INSERT INTO `db_cz_cms`.`administrative_division` (`id`, `parentid`, `name`, `address`, `phone`, `zip_code`, `person_charge`, `creator`, `create_date`, `update_date`, `remark`, `is_delete`) VALUES ('83', '4', '新乐村', NULL, NULL, NULL, NULL, '1', '2017-09-05 10:12:24', NULL, NULL, '0');
INSERT INTO `db_cz_cms`.`administrative_division` (`id`, `parentid`, `name`, `address`, `phone`, `zip_code`, `person_charge`, `creator`, `create_date`, `update_date`, `remark`, `is_delete`) VALUES ('84', '4', '君渡村', NULL, NULL, NULL, NULL, '1', '2017-09-05 10:12:24', NULL, NULL, '0');
INSERT INTO `db_cz_cms`.`administrative_division` (`id`, `parentid`, `name`, `address`, `phone`, `zip_code`, `person_charge`, `creator`, `create_date`, `update_date`, `remark`, `is_delete`) VALUES ('85', '4', '明珠社区', NULL, NULL, NULL, NULL, '1', '2017-09-05 10:12:24', NULL, NULL, '0');
INSERT INTO `db_cz_cms`.`administrative_division` (`id`, `parentid`, `name`, `address`, `phone`, `zip_code`, `person_charge`, `creator`, `create_date`, `update_date`, `remark`, `is_delete`) VALUES ('86', '5', '桥东社区', NULL, NULL, NULL, NULL, '1', '2017-09-05 10:12:24', NULL, NULL, '0');
INSERT INTO `db_cz_cms`.`administrative_division` (`id`, `parentid`, `name`, `address`, `phone`, `zip_code`, `person_charge`, `creator`, `create_date`, `update_date`, `remark`, `is_delete`) VALUES ('87', '5', '蒙渡村', NULL, NULL, NULL, NULL, '1', '2017-09-05 10:12:24', NULL, NULL, '0');
INSERT INTO `db_cz_cms`.`administrative_division` (`id`, `parentid`, `name`, `address`, `phone`, `zip_code`, `person_charge`, `creator`, `create_date`, `update_date`, `remark`, `is_delete`) VALUES ('88', '5', '三江村', NULL, NULL, NULL, NULL, '1', '2017-09-05 10:12:24', NULL, NULL, '0');
INSERT INTO `db_cz_cms`.`administrative_division` (`id`, `parentid`, `name`, `address`, `phone`, `zip_code`, `person_charge`, `creator`, `create_date`, `update_date`, `remark`, `is_delete`) VALUES ('89', '5', '崇新村', NULL, NULL, NULL, NULL, '1', '2017-09-05 10:12:24', NULL, NULL, '0');
INSERT INTO `db_cz_cms`.`administrative_division` (`id`, `parentid`, `name`, `address`, `phone`, `zip_code`, `person_charge`, `creator`, `create_date`, `update_date`, `remark`, `is_delete`) VALUES ('90', '5', '崇新社区', NULL, NULL, NULL, NULL, '1', '2017-09-05 10:12:24', NULL, NULL, '0');
INSERT INTO `db_cz_cms`.`administrative_division` (`id`, `parentid`, `name`, `address`, `phone`, `zip_code`, `person_charge`, `creator`, `create_date`, `update_date`, `remark`, `is_delete`) VALUES ('91', '5', '舒桥村', NULL, NULL, NULL, NULL, '1', '2017-09-05 10:12:24', NULL, NULL, '0');
INSERT INTO `db_cz_cms`.`administrative_division` (`id`, `parentid`, `name`, `address`, `phone`, `zip_code`, `person_charge`, `creator`, `create_date`, `update_date`, `remark`, `is_delete`) VALUES ('92', '5', '方碾村', NULL, NULL, NULL, NULL, '1', '2017-09-05 10:12:24', NULL, NULL, '0');
INSERT INTO `db_cz_cms`.`administrative_division` (`id`, `parentid`, `name`, `address`, `phone`, `zip_code`, `person_charge`, `creator`, `create_date`, `update_date`, `remark`, `is_delete`) VALUES ('93', '5', '王桥村', NULL, NULL, NULL, NULL, '1', '2017-09-05 10:12:24', NULL, NULL, '0');
INSERT INTO `db_cz_cms`.`administrative_division` (`id`, `parentid`, `name`, `address`, `phone`, `zip_code`, `person_charge`, `creator`, `create_date`, `update_date`, `remark`, `is_delete`) VALUES ('94', '5', '顺金社区', NULL, NULL, NULL, NULL, '1', '2017-09-05 10:12:24', NULL, NULL, '0');
INSERT INTO `db_cz_cms`.`administrative_division` (`id`, `parentid`, `name`, `address`, `phone`, `zip_code`, `person_charge`, `creator`, `create_date`, `update_date`, `remark`, `is_delete`) VALUES ('95', '5', '胜利村', NULL, NULL, NULL, NULL, '1', '2017-09-05 10:12:24', NULL, NULL, '0');
INSERT INTO `db_cz_cms`.`administrative_division` (`id`, `parentid`, `name`, `address`, `phone`, `zip_code`, `person_charge`, `creator`, `create_date`, `update_date`, `remark`, `is_delete`) VALUES ('96', '5', '富国村', NULL, NULL, NULL, NULL, '1', '2017-09-05 10:12:24', NULL, NULL, '0');
INSERT INTO `db_cz_cms`.`administrative_division` (`id`, `parentid`, `name`, `address`, `phone`, `zip_code`, `person_charge`, `creator`, `create_date`, `update_date`, `remark`, `is_delete`) VALUES ('97', '5', '仁和村', NULL, NULL, NULL, NULL, '1', '2017-09-05 10:12:24', NULL, NULL, '0');
INSERT INTO `db_cz_cms`.`administrative_division` (`id`, `parentid`, `name`, `address`, `phone`, `zip_code`, `person_charge`, `creator`, `create_date`, `update_date`, `remark`, `is_delete`) VALUES ('98', '5', '沿河村', NULL, NULL, NULL, NULL, '1', '2017-09-05 10:12:24', NULL, NULL, '0');
INSERT INTO `db_cz_cms`.`administrative_division` (`id`, `parentid`, `name`, `address`, `phone`, `zip_code`, `person_charge`, `creator`, `create_date`, `update_date`, `remark`, `is_delete`) VALUES ('99', '5', '古泉村', NULL, NULL, NULL, NULL, '1', '2017-09-05 10:12:24', NULL, NULL, '0');
INSERT INTO `db_cz_cms`.`administrative_division` (`id`, `parentid`, `name`, `address`, `phone`, `zip_code`, `person_charge`, `creator`, `create_date`, `update_date`, `remark`, `is_delete`) VALUES ('100', '5', '三桥村', NULL, NULL, NULL, NULL, '1', '2017-09-05 10:12:24', NULL, NULL, '0');
INSERT INTO `db_cz_cms`.`administrative_division` (`id`, `parentid`, `name`, `address`, `phone`, `zip_code`, `person_charge`, `creator`, `create_date`, `update_date`, `remark`, `is_delete`) VALUES ('101', '5', '皂角村', NULL, NULL, NULL, NULL, '1', '2017-09-05 10:12:24', NULL, NULL, '0');
INSERT INTO `db_cz_cms`.`administrative_division` (`id`, `parentid`, `name`, `address`, `phone`, `zip_code`, `person_charge`, `creator`, `create_date`, `update_date`, `remark`, `is_delete`) VALUES ('102', '5', '永同村', NULL, NULL, NULL, NULL, '1', '2017-09-05 10:12:24', NULL, NULL, '0');
INSERT INTO `db_cz_cms`.`administrative_division` (`id`, `parentid`, `name`, `address`, `phone`, `zip_code`, `person_charge`, `creator`, `create_date`, `update_date`, `remark`, `is_delete`) VALUES ('103', '5', '牂牁村', NULL, NULL, NULL, NULL, '1', '2017-09-05 10:12:24', NULL, NULL, '0');
INSERT INTO `db_cz_cms`.`administrative_division` (`id`, `parentid`, `name`, `address`, `phone`, `zip_code`, `person_charge`, `creator`, `create_date`, `update_date`, `remark`, `is_delete`) VALUES ('104', '5', '宋桥村', NULL, NULL, NULL, NULL, '1', '2017-09-05 10:12:24', NULL, NULL, '0');
INSERT INTO `db_cz_cms`.`administrative_division` (`id`, `parentid`, `name`, `address`, `phone`, `zip_code`, `person_charge`, `creator`, `create_date`, `update_date`, `remark`, `is_delete`) VALUES ('105', '5', '听江村', NULL, NULL, NULL, NULL, '1', '2017-09-05 10:12:24', NULL, NULL, '0');
INSERT INTO `db_cz_cms`.`administrative_division` (`id`, `parentid`, `name`, `address`, `phone`, `zip_code`, `person_charge`, `creator`, `create_date`, `update_date`, `remark`, `is_delete`) VALUES ('106', '6', '唐兴社区', NULL, NULL, NULL, NULL, '1', '2017-09-05 10:12:24', NULL, NULL, '0');
INSERT INTO `db_cz_cms`.`administrative_division` (`id`, `parentid`, `name`, `address`, `phone`, `zip_code`, `person_charge`, `creator`, `create_date`, `update_date`, `remark`, `is_delete`) VALUES ('107', '6', '江源村', NULL, NULL, NULL, NULL, '1', '2017-09-05 10:12:24', NULL, NULL, '0');
INSERT INTO `db_cz_cms`.`administrative_division` (`id`, `parentid`, `name`, `address`, `phone`, `zip_code`, `person_charge`, `creator`, `create_date`, `update_date`, `remark`, `is_delete`) VALUES ('108', '6', '寨子社区', NULL, NULL, NULL, NULL, '1', '2017-09-05 10:12:24', NULL, NULL, '0');
INSERT INTO `db_cz_cms`.`administrative_division` (`id`, `parentid`, `name`, `address`, `phone`, `zip_code`, `person_charge`, `creator`, `create_date`, `update_date`, `remark`, `is_delete`) VALUES ('109', '6', '文观村', NULL, NULL, NULL, NULL, '1', '2017-09-05 10:12:24', NULL, NULL, '0');
INSERT INTO `db_cz_cms`.`administrative_division` (`id`, `parentid`, `name`, `address`, `phone`, `zip_code`, `person_charge`, `creator`, `create_date`, `update_date`, `remark`, `is_delete`) VALUES ('110', '6', '红土村', NULL, NULL, NULL, NULL, '1', '2017-09-05 10:12:24', NULL, NULL, '0');
INSERT INTO `db_cz_cms`.`administrative_division` (`id`, `parentid`, `name`, `address`, `phone`, `zip_code`, `person_charge`, `creator`, `create_date`, `update_date`, `remark`, `is_delete`) VALUES ('111', '6', '桅杆村', NULL, NULL, NULL, NULL, '1', '2017-09-05 10:12:24', NULL, NULL, '0');
INSERT INTO `db_cz_cms`.`administrative_division` (`id`, `parentid`, `name`, `address`, `phone`, `zip_code`, `person_charge`, `creator`, `create_date`, `update_date`, `remark`, `is_delete`) VALUES ('112', '6', '石鱼村', NULL, NULL, NULL, NULL, '1', '2017-09-05 10:12:24', NULL, NULL, '0');
INSERT INTO `db_cz_cms`.`administrative_division` (`id`, `parentid`, `name`, `address`, `phone`, `zip_code`, `person_charge`, `creator`, `create_date`, `update_date`, `remark`, `is_delete`) VALUES ('113', '6', '崇福村', NULL, NULL, NULL, NULL, '1', '2017-09-05 10:12:24', NULL, NULL, '0');
INSERT INTO `db_cz_cms`.`administrative_division` (`id`, `parentid`, `name`, `address`, `phone`, `zip_code`, `person_charge`, `creator`, `create_date`, `update_date`, `remark`, `is_delete`) VALUES ('114', '6', '大庙村', NULL, NULL, NULL, NULL, '1', '2017-09-05 10:12:24', NULL, NULL, '0');
INSERT INTO `db_cz_cms`.`administrative_division` (`id`, `parentid`, `name`, `address`, `phone`, `zip_code`, `person_charge`, `creator`, `create_date`, `update_date`, `remark`, `is_delete`) VALUES ('115', '6', '邓公村', NULL, NULL, NULL, NULL, '1', '2017-09-05 10:12:24', NULL, NULL, '0');
INSERT INTO `db_cz_cms`.`administrative_division` (`id`, `parentid`, `name`, `address`, `phone`, `zip_code`, `person_charge`, `creator`, `create_date`, `update_date`, `remark`, `is_delete`) VALUES ('116', '7', '天元社区', NULL, NULL, NULL, NULL, '1', '2017-09-05 10:12:24', NULL, NULL, '0');
INSERT INTO `db_cz_cms`.`administrative_division` (`id`, `parentid`, `name`, `address`, `phone`, `zip_code`, `person_charge`, `creator`, `create_date`, `update_date`, `remark`, `is_delete`) VALUES ('117', '7', '民和村', NULL, NULL, NULL, NULL, '1', '2017-09-05 10:12:24', NULL, NULL, '0');
INSERT INTO `db_cz_cms`.`administrative_division` (`id`, `parentid`, `name`, `address`, `phone`, `zip_code`, `person_charge`, `creator`, `create_date`, `update_date`, `remark`, `is_delete`) VALUES ('118', '7', '建华村', NULL, NULL, NULL, NULL, '1', '2017-09-05 10:12:24', NULL, NULL, '0');
INSERT INTO `db_cz_cms`.`administrative_division` (`id`, `parentid`, `name`, `address`, `phone`, `zip_code`, `person_charge`, `creator`, `create_date`, `update_date`, `remark`, `is_delete`) VALUES ('119', '7', '高庆村', NULL, NULL, NULL, NULL, '1', '2017-09-05 10:12:24', NULL, NULL, '0');
INSERT INTO `db_cz_cms`.`administrative_division` (`id`, `parentid`, `name`, `address`, `phone`, `zip_code`, `person_charge`, `creator`, `create_date`, `update_date`, `remark`, `is_delete`) VALUES ('120', '7', '龙岗村', NULL, NULL, NULL, NULL, '1', '2017-09-05 10:12:24', NULL, NULL, '0');
INSERT INTO `db_cz_cms`.`administrative_division` (`id`, `parentid`, `name`, `address`, `phone`, `zip_code`, `person_charge`, `creator`, `create_date`, `update_date`, `remark`, `is_delete`) VALUES ('121', '7', '新桃村', NULL, NULL, NULL, NULL, '1', '2017-09-05 10:12:24', NULL, NULL, '0');
INSERT INTO `db_cz_cms`.`administrative_division` (`id`, `parentid`, `name`, `address`, `phone`, `zip_code`, `person_charge`, `creator`, `create_date`, `update_date`, `remark`, `is_delete`) VALUES ('122', '7', '廖场村', NULL, NULL, NULL, NULL, '1', '2017-09-05 10:12:24', NULL, NULL, '0');
INSERT INTO `db_cz_cms`.`administrative_division` (`id`, `parentid`, `name`, `address`, `phone`, `zip_code`, `person_charge`, `creator`, `create_date`, `update_date`, `remark`, `is_delete`) VALUES ('123', '7', '龙福村', NULL, NULL, NULL, NULL, '1', '2017-09-05 10:12:24', NULL, NULL, '0');
INSERT INTO `db_cz_cms`.`administrative_division` (`id`, `parentid`, `name`, `address`, `phone`, `zip_code`, `person_charge`, `creator`, `create_date`, `update_date`, `remark`, `is_delete`) VALUES ('124', '7', '詹湾村', NULL, NULL, NULL, NULL, '1', '2017-09-05 10:12:24', NULL, NULL, '0');
INSERT INTO `db_cz_cms`.`administrative_division` (`id`, `parentid`, `name`, `address`, `phone`, `zip_code`, `person_charge`, `creator`, `create_date`, `update_date`, `remark`, `is_delete`) VALUES ('125', '8', '麒麟街社区', NULL, NULL, NULL, NULL, '1', '2017-09-05 10:12:24', NULL, NULL, '0');
INSERT INTO `db_cz_cms`.`administrative_division` (`id`, `parentid`, `name`, `address`, `phone`, `zip_code`, `person_charge`, `creator`, `create_date`, `update_date`, `remark`, `is_delete`) VALUES ('126', '8', '通顺村', NULL, NULL, NULL, NULL, '1', '2017-09-05 10:12:24', NULL, NULL, '0');
INSERT INTO `db_cz_cms`.`administrative_division` (`id`, `parentid`, `name`, `address`, `phone`, `zip_code`, `person_charge`, `creator`, `create_date`, `update_date`, `remark`, `is_delete`) VALUES ('127', '8', '双凤街社区', NULL, NULL, NULL, NULL, '1', '2017-09-05 10:12:24', NULL, NULL, '0');
INSERT INTO `db_cz_cms`.`administrative_division` (`id`, `parentid`, `name`, `address`, `phone`, `zip_code`, `person_charge`, `creator`, `create_date`, `update_date`, `remark`, `is_delete`) VALUES ('128', '8', '聚源村', NULL, NULL, NULL, NULL, '1', '2017-09-05 10:12:24', NULL, NULL, '0');
INSERT INTO `db_cz_cms`.`administrative_division` (`id`, `parentid`, `name`, `address`, `phone`, `zip_code`, `person_charge`, `creator`, `create_date`, `update_date`, `remark`, `is_delete`) VALUES ('129', '8', '禹王村', NULL, NULL, NULL, NULL, '1', '2017-09-05 10:12:24', NULL, NULL, '0');
INSERT INTO `db_cz_cms`.`administrative_division` (`id`, `parentid`, `name`, `address`, `phone`, `zip_code`, `person_charge`, `creator`, `create_date`, `update_date`, `remark`, `is_delete`) VALUES ('130', '8', '景汇村', NULL, NULL, NULL, NULL, '1', '2017-09-05 10:12:24', NULL, NULL, '0');
INSERT INTO `db_cz_cms`.`administrative_division` (`id`, `parentid`, `name`, `address`, `phone`, `zip_code`, `person_charge`, `creator`, `create_date`, `update_date`, `remark`, `is_delete`) VALUES ('131', '8', '三宝村', NULL, NULL, NULL, NULL, '1', '2017-09-05 10:12:24', NULL, NULL, '0');
INSERT INTO `db_cz_cms`.`administrative_division` (`id`, `parentid`, `name`, `address`, `phone`, `zip_code`, `person_charge`, `creator`, `create_date`, `update_date`, `remark`, `is_delete`) VALUES ('132', '8', '大罗村', NULL, NULL, NULL, NULL, '1', '2017-09-05 10:12:24', NULL, NULL, '0');
INSERT INTO `db_cz_cms`.`administrative_division` (`id`, `parentid`, `name`, `address`, `phone`, `zip_code`, `person_charge`, `creator`, `create_date`, `update_date`, `remark`, `is_delete`) VALUES ('133', '8', '清溪村', NULL, NULL, NULL, NULL, '1', '2017-09-05 10:12:24', NULL, NULL, '0');
INSERT INTO `db_cz_cms`.`administrative_division` (`id`, `parentid`, `name`, `address`, `phone`, `zip_code`, `person_charge`, `creator`, `create_date`, `update_date`, `remark`, `is_delete`) VALUES ('134', '9', '天胜路社区', NULL, NULL, NULL, NULL, '1', '2017-09-05 10:12:24', NULL, NULL, '0');
INSERT INTO `db_cz_cms`.`administrative_division` (`id`, `parentid`, `name`, `address`, `phone`, `zip_code`, `person_charge`, `creator`, `create_date`, `update_date`, `remark`, `is_delete`) VALUES ('135', '9', '青柳村', NULL, NULL, NULL, NULL, '1', '2017-09-05 10:12:24', NULL, NULL, '0');
INSERT INTO `db_cz_cms`.`administrative_division` (`id`, `parentid`, `name`, `address`, `phone`, `zip_code`, `person_charge`, `creator`, `create_date`, `update_date`, `remark`, `is_delete`) VALUES ('136', '9', '八角村', NULL, NULL, NULL, NULL, '1', '2017-09-05 10:12:24', NULL, NULL, '0');
INSERT INTO `db_cz_cms`.`administrative_division` (`id`, `parentid`, `name`, `address`, `phone`, `zip_code`, `person_charge`, `creator`, `create_date`, `update_date`, `remark`, `is_delete`) VALUES ('137', '9', '联义村', NULL, NULL, NULL, NULL, '1', '2017-09-05 10:12:24', NULL, NULL, '0');
INSERT INTO `db_cz_cms`.`administrative_division` (`id`, `parentid`, `name`, `address`, `phone`, `zip_code`, `person_charge`, `creator`, `create_date`, `update_date`, `remark`, `is_delete`) VALUES ('138', '9', '白鹤村', NULL, NULL, NULL, NULL, '1', '2017-09-05 10:12:24', NULL, NULL, '0');
INSERT INTO `db_cz_cms`.`administrative_division` (`id`, `parentid`, `name`, `address`, `phone`, `zip_code`, `person_charge`, `creator`, `create_date`, `update_date`, `remark`, `is_delete`) VALUES ('139', '9', '池塘村', NULL, NULL, NULL, NULL, '1', '2017-09-05 10:12:24', NULL, NULL, '0');
INSERT INTO `db_cz_cms`.`administrative_division` (`id`, `parentid`, `name`, `address`, `phone`, `zip_code`, `person_charge`, `creator`, `create_date`, `update_date`, `remark`, `is_delete`) VALUES ('140', '9', '五桥村', NULL, NULL, NULL, NULL, '1', '2017-09-05 10:12:24', NULL, NULL, '0');
INSERT INTO `db_cz_cms`.`administrative_division` (`id`, `parentid`, `name`, `address`, `phone`, `zip_code`, `person_charge`, `creator`, `create_date`, `update_date`, `remark`, `is_delete`) VALUES ('141', '10', '洄澜街社区', NULL, NULL, NULL, NULL, '1', '2017-09-05 10:12:24', NULL, NULL, '0');
INSERT INTO `db_cz_cms`.`administrative_division` (`id`, `parentid`, `name`, `address`, `phone`, `zip_code`, `person_charge`, `creator`, `create_date`, `update_date`, `remark`, `is_delete`) VALUES ('142', '10', '安乐社区', NULL, NULL, NULL, NULL, '1', '2017-09-05 10:12:24', NULL, NULL, '0');
INSERT INTO `db_cz_cms`.`administrative_division` (`id`, `parentid`, `name`, `address`, `phone`, `zip_code`, `person_charge`, `creator`, `create_date`, `update_date`, `remark`, `is_delete`) VALUES ('143', '10', '黎店村', NULL, NULL, NULL, NULL, '1', '2017-09-05 10:12:24', NULL, NULL, '0');
INSERT INTO `db_cz_cms`.`administrative_division` (`id`, `parentid`, `name`, `address`, `phone`, `zip_code`, `person_charge`, `creator`, `create_date`, `update_date`, `remark`, `is_delete`) VALUES ('144', '10', '黄鹤村', NULL, NULL, NULL, NULL, '1', '2017-09-05 10:12:24', NULL, NULL, '0');
INSERT INTO `db_cz_cms`.`administrative_division` (`id`, `parentid`, `name`, `address`, `phone`, `zip_code`, `person_charge`, `creator`, `create_date`, `update_date`, `remark`, `is_delete`) VALUES ('145', '10', '富强村', NULL, NULL, NULL, NULL, '1', '2017-09-05 10:12:24', NULL, NULL, '0');
INSERT INTO `db_cz_cms`.`administrative_division` (`id`, `parentid`, `name`, `address`, `phone`, `zip_code`, `person_charge`, `creator`, `create_date`, `update_date`, `remark`, `is_delete`) VALUES ('146', '10', '大顺街社区', NULL, NULL, NULL, NULL, '1', '2017-09-05 10:12:24', NULL, NULL, '0');
INSERT INTO `db_cz_cms`.`administrative_division` (`id`, `parentid`, `name`, `address`, `phone`, `zip_code`, `person_charge`, `creator`, `create_date`, `update_date`, `remark`, `is_delete`) VALUES ('147', '10', '青峰岭社区', NULL, NULL, NULL, NULL, '1', '2017-09-05 10:12:24', NULL, NULL, '0');
INSERT INTO `db_cz_cms`.`administrative_division` (`id`, `parentid`, `name`, `address`, `phone`, `zip_code`, `person_charge`, `creator`, `create_date`, `update_date`, `remark`, `is_delete`) VALUES ('148', '10', '龙潭村', NULL, NULL, NULL, NULL, '1', '2017-09-05 10:12:24', NULL, NULL, '0');
INSERT INTO `db_cz_cms`.`administrative_division` (`id`, `parentid`, `name`, `address`, `phone`, `zip_code`, `person_charge`, `creator`, `create_date`, `update_date`, `remark`, `is_delete`) VALUES ('149', '10', '德通村', NULL, NULL, NULL, NULL, '1', '2017-09-05 10:12:24', NULL, NULL, '0');
INSERT INTO `db_cz_cms`.`administrative_division` (`id`, `parentid`, `name`, `address`, `phone`, `zip_code`, `person_charge`, `creator`, `create_date`, `update_date`, `remark`, `is_delete`) VALUES ('150', '10', '和平村', NULL, NULL, NULL, NULL, '1', '2017-09-05 10:12:24', NULL, NULL, '0');
INSERT INTO `db_cz_cms`.`administrative_division` (`id`, `parentid`, `name`, `address`, `phone`, `zip_code`, `person_charge`, `creator`, `create_date`, `update_date`, `remark`, `is_delete`) VALUES ('151', '10', '定江桥社区', NULL, NULL, NULL, NULL, '1', '2017-09-05 10:12:24', NULL, NULL, '0');
INSERT INTO `db_cz_cms`.`administrative_division` (`id`, `parentid`, `name`, `address`, `phone`, `zip_code`, `person_charge`, `creator`, `create_date`, `update_date`, `remark`, `is_delete`) VALUES ('152', '10', '天泉社区', NULL, NULL, NULL, NULL, '1', '2017-09-05 10:12:24', NULL, NULL, '0');
INSERT INTO `db_cz_cms`.`administrative_division` (`id`, `parentid`, `name`, `address`, `phone`, `zip_code`, `person_charge`, `creator`, `create_date`, `update_date`, `remark`, `is_delete`) VALUES ('153', '10', '前锋村', NULL, NULL, NULL, NULL, '1', '2017-09-05 10:12:24', NULL, NULL, '0');
INSERT INTO `db_cz_cms`.`administrative_division` (`id`, `parentid`, `name`, `address`, `phone`, `zip_code`, `person_charge`, `creator`, `create_date`, `update_date`, `remark`, `is_delete`) VALUES ('154', '10', '共和村', NULL, NULL, NULL, NULL, '1', '2017-09-05 10:12:24', NULL, NULL, '0');
INSERT INTO `db_cz_cms`.`administrative_division` (`id`, `parentid`, `name`, `address`, `phone`, `zip_code`, `person_charge`, `creator`, `create_date`, `update_date`, `remark`, `is_delete`) VALUES ('155', '10', '石子村', NULL, NULL, NULL, NULL, '1', '2017-09-05 10:12:24', NULL, NULL, '0');
INSERT INTO `db_cz_cms`.`administrative_division` (`id`, `parentid`, `name`, `address`, `phone`, `zip_code`, `person_charge`, `creator`, `create_date`, `update_date`, `remark`, `is_delete`) VALUES ('156', '10', '泉水社区', NULL, NULL, NULL, NULL, '1', '2017-09-05 10:12:24', NULL, NULL, '0');
INSERT INTO `db_cz_cms`.`administrative_division` (`id`, `parentid`, `name`, `address`, `phone`, `zip_code`, `person_charge`, `creator`, `create_date`, `update_date`, `remark`, `is_delete`) VALUES ('157', '10', '富丽村', NULL, NULL, NULL, NULL, '1', '2017-09-05 10:12:24', NULL, NULL, '0');
INSERT INTO `db_cz_cms`.`administrative_division` (`id`, `parentid`, `name`, `address`, `phone`, `zip_code`, `person_charge`, `creator`, `create_date`, `update_date`, `remark`, `is_delete`) VALUES ('158', '10', '宝峰村', NULL, NULL, NULL, NULL, '1', '2017-09-05 10:12:24', NULL, NULL, '0');
INSERT INTO `db_cz_cms`.`administrative_division` (`id`, `parentid`, `name`, `address`, `phone`, `zip_code`, `person_charge`, `creator`, `create_date`, `update_date`, `remark`, `is_delete`) VALUES ('159', '10', '玉圭村', NULL, NULL, NULL, NULL, '1', '2017-09-05 10:12:24', NULL, NULL, '0');
INSERT INTO `db_cz_cms`.`administrative_division` (`id`, `parentid`, `name`, `address`, `phone`, `zip_code`, `person_charge`, `creator`, `create_date`, `update_date`, `remark`, `is_delete`) VALUES ('160', '10', '清江村', NULL, NULL, NULL, NULL, '1', '2017-09-05 10:12:24', NULL, NULL, '0');
INSERT INTO `db_cz_cms`.`administrative_division` (`id`, `parentid`, `name`, `address`, `phone`, `zip_code`, `person_charge`, `creator`, `create_date`, `update_date`, `remark`, `is_delete`) VALUES ('161', '10', '文井江社区', NULL, NULL, NULL, NULL, '1', '2017-09-05 10:12:24', NULL, NULL, '0');
INSERT INTO `db_cz_cms`.`administrative_division` (`id`, `parentid`, `name`, `address`, `phone`, `zip_code`, `person_charge`, `creator`, `create_date`, `update_date`, `remark`, `is_delete`) VALUES ('162', '10', '福桥村', NULL, NULL, NULL, NULL, '1', '2017-09-05 10:12:24', NULL, NULL, '0');
INSERT INTO `db_cz_cms`.`administrative_division` (`id`, `parentid`, `name`, `address`, `phone`, `zip_code`, `person_charge`, `creator`, `create_date`, `update_date`, `remark`, `is_delete`) VALUES ('163', '10', '三官村', NULL, NULL, NULL, NULL, '1', '2017-09-05 10:12:24', NULL, NULL, '0');
INSERT INTO `db_cz_cms`.`administrative_division` (`id`, `parentid`, `name`, `address`, `phone`, `zip_code`, `person_charge`, `creator`, `create_date`, `update_date`, `remark`, `is_delete`) VALUES ('164', '10', '二江村', NULL, NULL, NULL, NULL, '1', '2017-09-05 10:12:24', NULL, NULL, '0');
INSERT INTO `db_cz_cms`.`administrative_division` (`id`, `parentid`, `name`, `address`, `phone`, `zip_code`, `person_charge`, `creator`, `create_date`, `update_date`, `remark`, `is_delete`) VALUES ('165', '10', '枫南村', NULL, NULL, NULL, NULL, '1', '2017-09-05 10:12:24', NULL, NULL, '0');
INSERT INTO `db_cz_cms`.`administrative_division` (`id`, `parentid`, `name`, `address`, `phone`, `zip_code`, `person_charge`, `creator`, `create_date`, `update_date`, `remark`, `is_delete`) VALUES ('166', '11', '和平社区', NULL, NULL, NULL, NULL, '1', '2017-09-05 10:12:24', NULL, NULL, '0');
INSERT INTO `db_cz_cms`.`administrative_division` (`id`, `parentid`, `name`, `address`, `phone`, `zip_code`, `person_charge`, `creator`, `create_date`, `update_date`, `remark`, `is_delete`) VALUES ('167', '11', '红纸村', NULL, NULL, NULL, NULL, '1', '2017-09-05 10:12:24', NULL, NULL, '0');
INSERT INTO `db_cz_cms`.`administrative_division` (`id`, `parentid`, `name`, `address`, `phone`, `zip_code`, `person_charge`, `creator`, `create_date`, `update_date`, `remark`, `is_delete`) VALUES ('168', '11', '天国村', NULL, NULL, NULL, NULL, '1', '2017-09-05 10:12:24', NULL, NULL, '0');
INSERT INTO `db_cz_cms`.`administrative_division` (`id`, `parentid`, `name`, `address`, `phone`, `zip_code`, `person_charge`, `creator`, `create_date`, `update_date`, `remark`, `is_delete`) VALUES ('169', '11', '茶园村', NULL, NULL, NULL, NULL, '1', '2017-09-05 10:12:24', NULL, NULL, '0');
INSERT INTO `db_cz_cms`.`administrative_division` (`id`, `parentid`, `name`, `address`, `phone`, `zip_code`, `person_charge`, `creator`, `create_date`, `update_date`, `remark`, `is_delete`) VALUES ('170', '11', '欢喜村', NULL, NULL, NULL, NULL, '1', '2017-09-05 10:12:24', NULL, NULL, '0');
INSERT INTO `db_cz_cms`.`administrative_division` (`id`, `parentid`, `name`, `address`, `phone`, `zip_code`, `person_charge`, `creator`, `create_date`, `update_date`, `remark`, `is_delete`) VALUES ('171', '11', '凤鸣村', NULL, NULL, NULL, NULL, '1', '2017-09-05 10:12:24', NULL, NULL, '0');
INSERT INTO `db_cz_cms`.`administrative_division` (`id`, `parentid`, `name`, `address`, `phone`, `zip_code`, `person_charge`, `creator`, `create_date`, `update_date`, `remark`, `is_delete`) VALUES ('172', '11', '三台村\r\n', NULL, NULL, NULL, NULL, '1', '2017-09-05 10:12:24', NULL, NULL, '0');
INSERT INTO `db_cz_cms`.`administrative_division` (`id`, `parentid`, `name`, `address`, `phone`, `zip_code`, `person_charge`, `creator`, `create_date`, `update_date`, `remark`, `is_delete`) VALUES ('173', '11', '益善村\r\n', NULL, NULL, NULL, NULL, '1', '2017-09-05 10:12:24', NULL, NULL, '0');
INSERT INTO `db_cz_cms`.`administrative_division` (`id`, `parentid`, `name`, `address`, `phone`, `zip_code`, `person_charge`, `creator`, `create_date`, `update_date`, `remark`, `is_delete`) VALUES ('174', '12', '唐公社区', NULL, NULL, NULL, NULL, '1', '2017-09-05 10:12:24', NULL, NULL, '0');
INSERT INTO `db_cz_cms`.`administrative_division` (`id`, `parentid`, `name`, `address`, `phone`, `zip_code`, `person_charge`, `creator`, `create_date`, `update_date`, `remark`, `is_delete`) VALUES ('175', '12', '味江村', NULL, NULL, NULL, NULL, '1', '2017-09-05 10:12:24', NULL, NULL, '0');
INSERT INTO `db_cz_cms`.`administrative_division` (`id`, `parentid`, `name`, `address`, `phone`, `zip_code`, `person_charge`, `creator`, `create_date`, `update_date`, `remark`, `is_delete`) VALUES ('176', '12', '白圣村', NULL, NULL, NULL, NULL, '1', '2017-09-05 10:12:24', NULL, NULL, '0');
INSERT INTO `db_cz_cms`.`administrative_division` (`id`, `parentid`, `name`, `address`, `phone`, `zip_code`, `person_charge`, `creator`, `create_date`, `update_date`, `remark`, `is_delete`) VALUES ('177', '12', '双河社区', NULL, NULL, NULL, NULL, '1', '2017-09-05 10:12:24', NULL, NULL, '0');
INSERT INTO `db_cz_cms`.`administrative_division` (`id`, `parentid`, `name`, `address`, `phone`, `zip_code`, `person_charge`, `creator`, `create_date`, `update_date`, `remark`, `is_delete`) VALUES ('178', '12', '忙城村', NULL, NULL, NULL, NULL, '1', '2017-09-05 10:12:24', NULL, NULL, '0');
INSERT INTO `db_cz_cms`.`administrative_division` (`id`, `parentid`, `name`, `address`, `phone`, `zip_code`, `person_charge`, `creator`, `create_date`, `update_date`, `remark`, `is_delete`) VALUES ('179', '12', '天顺村', NULL, NULL, NULL, NULL, '1', '2017-09-05 10:12:24', NULL, NULL, '0');
INSERT INTO `db_cz_cms`.`administrative_division` (`id`, `parentid`, `name`, `address`, `phone`, `zip_code`, `person_charge`, `creator`, `create_date`, `update_date`, `remark`, `is_delete`) VALUES ('180', '12', '余庆村', NULL, NULL, NULL, NULL, '1', '2017-09-05 10:12:24', NULL, NULL, '0');
INSERT INTO `db_cz_cms`.`administrative_division` (`id`, `parentid`, `name`, `address`, `phone`, `zip_code`, `person_charge`, `creator`, `create_date`, `update_date`, `remark`, `is_delete`) VALUES ('181', '12', '莲经村', NULL, NULL, NULL, NULL, '1', '2017-09-05 10:12:24', NULL, NULL, '0');
INSERT INTO `db_cz_cms`.`administrative_division` (`id`, `parentid`, `name`, `address`, `phone`, `zip_code`, `person_charge`, `creator`, `create_date`, `update_date`, `remark`, `is_delete`) VALUES ('182', '12', '上元村', NULL, NULL, NULL, NULL, '1', '2017-09-05 10:12:24', NULL, NULL, '0');
INSERT INTO `db_cz_cms`.`administrative_division` (`id`, `parentid`, `name`, `address`, `phone`, `zip_code`, `person_charge`, `creator`, `create_date`, `update_date`, `remark`, `is_delete`) VALUES ('183', '12', '古寺村', NULL, NULL, NULL, NULL, '1', '2017-09-05 10:12:24', NULL, NULL, '0');
INSERT INTO `db_cz_cms`.`administrative_division` (`id`, `parentid`, `name`, `address`, `phone`, `zip_code`, `person_charge`, `creator`, `create_date`, `update_date`, `remark`, `is_delete`) VALUES ('184', '12', '会元村', NULL, NULL, NULL, NULL, '1', '2017-09-05 10:12:24', NULL, NULL, '0');
INSERT INTO `db_cz_cms`.`administrative_division` (`id`, `parentid`, `name`, `address`, `phone`, `zip_code`, `person_charge`, `creator`, `create_date`, `update_date`, `remark`, `is_delete`) VALUES ('185', '13', '万家社区', NULL, NULL, NULL, NULL, '1', '2017-09-05 10:12:24', NULL, NULL, '0');
INSERT INTO `db_cz_cms`.`administrative_division` (`id`, `parentid`, `name`, `address`, `phone`, `zip_code`, `person_charge`, `creator`, `create_date`, `update_date`, `remark`, `is_delete`) VALUES ('186', '13', '大同村', NULL, NULL, NULL, NULL, '1', '2017-09-05 10:12:24', NULL, NULL, '0');
INSERT INTO `db_cz_cms`.`administrative_division` (`id`, `parentid`, `name`, `address`, `phone`, `zip_code`, `person_charge`, `creator`, `create_date`, `update_date`, `remark`, `is_delete`) VALUES ('187', '13', '马家社区\r\n', NULL, NULL, NULL, NULL, '1', '2017-09-05 10:12:24', NULL, NULL, '0');
INSERT INTO `db_cz_cms`.`administrative_division` (`id`, `parentid`, `name`, `address`, `phone`, `zip_code`, `person_charge`, `creator`, `create_date`, `update_date`, `remark`, `is_delete`) VALUES ('188', '13', '大坪村\r\n', NULL, NULL, NULL, NULL, '1', '2017-09-05 10:12:24', NULL, NULL, '0');
INSERT INTO `db_cz_cms`.`administrative_division` (`id`, `parentid`, `name`, `address`, `phone`, `zip_code`, `person_charge`, `creator`, `create_date`, `update_date`, `remark`, `is_delete`) VALUES ('189', '13', '清泉村\r\n', NULL, NULL, NULL, NULL, '1', '2017-09-05 10:12:24', NULL, NULL, '0');
INSERT INTO `db_cz_cms`.`administrative_division` (`id`, `parentid`, `name`, `address`, `phone`, `zip_code`, `person_charge`, `creator`, `create_date`, `update_date`, `remark`, `is_delete`) VALUES ('190', '13', '铁索村\r\n', NULL, NULL, NULL, NULL, '1', '2017-09-05 10:12:24', NULL, NULL, '0');
INSERT INTO `db_cz_cms`.`administrative_division` (`id`, `parentid`, `name`, `address`, `phone`, `zip_code`, `person_charge`, `creator`, `create_date`, `update_date`, `remark`, `is_delete`) VALUES ('191', '14', '五福社区', NULL, NULL, NULL, NULL, '1', '2017-09-05 10:12:24', NULL, NULL, '0');
INSERT INTO `db_cz_cms`.`administrative_division` (`id`, `parentid`, `name`, `address`, `phone`, `zip_code`, `person_charge`, `creator`, `create_date`, `update_date`, `remark`, `is_delete`) VALUES ('192', '14', '桂花村', NULL, NULL, NULL, NULL, '1', '2017-09-05 10:12:24', NULL, NULL, '0');
INSERT INTO `db_cz_cms`.`administrative_division` (`id`, `parentid`, `name`, `address`, `phone`, `zip_code`, `person_charge`, `creator`, `create_date`, `update_date`, `remark`, `is_delete`) VALUES ('193', '14', '中心社区', NULL, NULL, NULL, NULL, '1', '2017-09-05 10:12:24', NULL, NULL, '0');
INSERT INTO `db_cz_cms`.`administrative_division` (`id`, `parentid`, `name`, `address`, `phone`, `zip_code`, `person_charge`, `creator`, `create_date`, `update_date`, `remark`, `is_delete`) VALUES ('194', '14', '大雨村', NULL, NULL, NULL, NULL, '1', '2017-09-05 10:12:24', NULL, NULL, '0');
INSERT INTO `db_cz_cms`.`administrative_division` (`id`, `parentid`, `name`, `address`, `phone`, `zip_code`, `person_charge`, `creator`, `create_date`, `update_date`, `remark`, `is_delete`) VALUES ('195', '14', '觉皇村', NULL, NULL, NULL, NULL, '1', '2017-09-05 10:12:24', NULL, NULL, '0');
INSERT INTO `db_cz_cms`.`administrative_division` (`id`, `parentid`, `name`, `address`, `phone`, `zip_code`, `person_charge`, `creator`, `create_date`, `update_date`, `remark`, `is_delete`) VALUES ('196', '14', '板槽村', NULL, NULL, NULL, NULL, '1', '2017-09-05 10:12:24', NULL, NULL, '0');
INSERT INTO `db_cz_cms`.`administrative_division` (`id`, `parentid`, `name`, `address`, `phone`, `zip_code`, `person_charge`, `creator`, `create_date`, `update_date`, `remark`, `is_delete`) VALUES ('197', '14', '清明村', NULL, NULL, NULL, NULL, '1', '2017-09-05 10:12:24', NULL, NULL, '0');
INSERT INTO `db_cz_cms`.`administrative_division` (`id`, `parentid`, `name`, `address`, `phone`, `zip_code`, `person_charge`, `creator`, `create_date`, `update_date`, `remark`, `is_delete`) VALUES ('198', '14', '莲花村', NULL, NULL, NULL, NULL, '1', '2017-09-05 10:12:24', NULL, NULL, '0');
INSERT INTO `db_cz_cms`.`administrative_division` (`id`, `parentid`, `name`, `address`, `phone`, `zip_code`, `person_charge`, `creator`, `create_date`, `update_date`, `remark`, `is_delete`) VALUES ('199', '14', '东风村', NULL, NULL, NULL, NULL, '1', '2017-09-05 10:12:24', NULL, NULL, '0');
INSERT INTO `db_cz_cms`.`administrative_division` (`id`, `parentid`, `name`, `address`, `phone`, `zip_code`, `person_charge`, `creator`, `create_date`, `update_date`, `remark`, `is_delete`) VALUES ('200', '14', '菜花村', NULL, NULL, NULL, NULL, '1', '2017-09-05 10:12:24', NULL, NULL, '0');
INSERT INTO `db_cz_cms`.`administrative_division` (`id`, `parentid`, `name`, `address`, `phone`, `zip_code`, `person_charge`, `creator`, `create_date`, `update_date`, `remark`, `is_delete`) VALUES ('201', '15', '天竺社区', NULL, NULL, NULL, NULL, '1', '2017-09-05 10:12:24', NULL, NULL, '0');
INSERT INTO `db_cz_cms`.`administrative_division` (`id`, `parentid`, `name`, `address`, `phone`, `zip_code`, `person_charge`, `creator`, `create_date`, `update_date`, `remark`, `is_delete`) VALUES ('202', '15', '五星村', NULL, NULL, NULL, NULL, '1', '2017-09-05 10:12:24', NULL, NULL, '0');
INSERT INTO `db_cz_cms`.`administrative_division` (`id`, `parentid`, `name`, `address`, `phone`, `zip_code`, `person_charge`, `creator`, `create_date`, `update_date`, `remark`, `is_delete`) VALUES ('203', '15', '和乐村\r\n', NULL, NULL, NULL, NULL, '1', '2017-09-05 10:12:24', NULL, NULL, '0');
INSERT INTO `db_cz_cms`.`administrative_division` (`id`, `parentid`, `name`, `address`, `phone`, `zip_code`, `person_charge`, `creator`, `create_date`, `update_date`, `remark`, `is_delete`) VALUES ('204', '15', '高览村\r\n', NULL, NULL, NULL, NULL, '1', '2017-09-05 10:12:24', NULL, NULL, '0');
INSERT INTO `db_cz_cms`.`administrative_division` (`id`, `parentid`, `name`, `address`, `phone`, `zip_code`, `person_charge`, `creator`, `create_date`, `update_date`, `remark`, `is_delete`) VALUES ('205', '15', '三洞村\r\n', NULL, NULL, NULL, NULL, '1', '2017-09-05 10:12:24', NULL, NULL, '0');
INSERT INTO `db_cz_cms`.`administrative_division` (`id`, `parentid`, `name`, `address`, `phone`, `zip_code`, `person_charge`, `creator`, `create_date`, `update_date`, `remark`, `is_delete`) VALUES ('206', '15', '甘泉村\r\n', NULL, NULL, NULL, NULL, '1', '2017-09-05 10:12:24', NULL, NULL, '0');
INSERT INTO `db_cz_cms`.`administrative_division` (`id`, `parentid`, `name`, `address`, `phone`, `zip_code`, `person_charge`, `creator`, `create_date`, `update_date`, `remark`, `is_delete`) VALUES ('207', '16', '白塔路社区', NULL, NULL, NULL, NULL, '1', '2017-09-05 10:12:24', NULL, NULL, '0');
INSERT INTO `db_cz_cms`.`administrative_division` (`id`, `parentid`, `name`, `address`, `phone`, `zip_code`, `person_charge`, `creator`, `create_date`, `update_date`, `remark`, `is_delete`) VALUES ('208', '16', '升平村', NULL, NULL, NULL, NULL, '1', '2017-09-05 10:12:24', NULL, NULL, '0');
INSERT INTO `db_cz_cms`.`administrative_division` (`id`, `parentid`, `name`, `address`, `phone`, `zip_code`, `person_charge`, `creator`, `create_date`, `update_date`, `remark`, `is_delete`) VALUES ('209', '16', '红旗村', NULL, NULL, NULL, NULL, '1', '2017-09-05 10:12:24', NULL, NULL, '0');
INSERT INTO `db_cz_cms`.`administrative_division` (`id`, `parentid`, `name`, `address`, `phone`, `zip_code`, `person_charge`, `creator`, `create_date`, `update_date`, `remark`, `is_delete`) VALUES ('210', '16', '东岳社区', NULL, NULL, NULL, NULL, '1', '2017-09-05 10:12:24', NULL, NULL, '0');
INSERT INTO `db_cz_cms`.`administrative_division` (`id`, `parentid`, `name`, `address`, `phone`, `zip_code`, `person_charge`, `creator`, `create_date`, `update_date`, `remark`, `is_delete`) VALUES ('211', '16', '永乐村', NULL, NULL, NULL, NULL, '1', '2017-09-05 10:12:24', NULL, NULL, '0');
INSERT INTO `db_cz_cms`.`administrative_division` (`id`, `parentid`, `name`, `address`, `phone`, `zip_code`, `person_charge`, `creator`, `create_date`, `update_date`, `remark`, `is_delete`) VALUES ('212', '16', '三龙村', NULL, NULL, NULL, NULL, '1', '2017-09-05 10:12:24', NULL, NULL, '0');
INSERT INTO `db_cz_cms`.`administrative_division` (`id`, `parentid`, `name`, `address`, `phone`, `zip_code`, `person_charge`, `creator`, `create_date`, `update_date`, `remark`, `is_delete`) VALUES ('213', '16', '龙黄村', NULL, NULL, NULL, NULL, '1', '2017-09-05 10:12:24', NULL, NULL, '0');
INSERT INTO `db_cz_cms`.`administrative_division` (`id`, `parentid`, `name`, `address`, `phone`, `zip_code`, `person_charge`, `creator`, `create_date`, `update_date`, `remark`, `is_delete`) VALUES ('214', '16', '天水村', NULL, NULL, NULL, NULL, '1', '2017-09-05 10:12:24', NULL, NULL, '0');
INSERT INTO `db_cz_cms`.`administrative_division` (`id`, `parentid`, `name`, `address`, `phone`, `zip_code`, `person_charge`, `creator`, `create_date`, `update_date`, `remark`, `is_delete`) VALUES ('215', '16', '顺交村', NULL, NULL, NULL, NULL, '1', '2017-09-05 10:12:24', NULL, NULL, '0');
INSERT INTO `db_cz_cms`.`administrative_division` (`id`, `parentid`, `name`, `address`, `phone`, `zip_code`, `person_charge`, `creator`, `create_date`, `update_date`, `remark`, `is_delete`) VALUES ('216', '16', '四河村', NULL, NULL, NULL, NULL, '1', '2017-09-05 10:12:24', NULL, NULL, '0');
INSERT INTO `db_cz_cms`.`administrative_division` (`id`, `parentid`, `name`, `address`, `phone`, `zip_code`, `person_charge`, `creator`, `create_date`, `update_date`, `remark`, `is_delete`) VALUES ('217', '16', '双杨村', NULL, NULL, NULL, NULL, '1', '2017-09-05 10:12:24', NULL, NULL, '0');
INSERT INTO `db_cz_cms`.`administrative_division` (`id`, `parentid`, `name`, `address`, `phone`, `zip_code`, `person_charge`, `creator`, `create_date`, `update_date`, `remark`, `is_delete`) VALUES ('218', '16', '斜阳村', NULL, NULL, NULL, NULL, '1', '2017-09-05 10:12:24', NULL, NULL, '0');
INSERT INTO `db_cz_cms`.`administrative_division` (`id`, `parentid`, `name`, `address`, `phone`, `zip_code`, `person_charge`, `creator`, `create_date`, `update_date`, `remark`, `is_delete`) VALUES ('219', '17', '香樟社区', NULL, NULL, NULL, NULL, '1', '2017-09-05 10:12:24', NULL, NULL, '0');
INSERT INTO `db_cz_cms`.`administrative_division` (`id`, `parentid`, `name`, `address`, `phone`, `zip_code`, `person_charge`, `creator`, `create_date`, `update_date`, `remark`, `is_delete`) VALUES ('220', '17', '青桥村', NULL, NULL, NULL, NULL, '1', '2017-09-05 10:12:24', NULL, NULL, '0');
INSERT INTO `db_cz_cms`.`administrative_division` (`id`, `parentid`, `name`, `address`, `phone`, `zip_code`, `person_charge`, `creator`, `create_date`, `update_date`, `remark`, `is_delete`) VALUES ('221', '17', '丰乐村', NULL, NULL, NULL, NULL, '1', '2017-09-05 10:12:24', NULL, NULL, '0');
INSERT INTO `db_cz_cms`.`administrative_division` (`id`, `parentid`, `name`, `address`, `phone`, `zip_code`, `person_charge`, `creator`, `create_date`, `update_date`, `remark`, `is_delete`) VALUES ('222', '17', '黎坝村', NULL, NULL, NULL, NULL, '1', '2017-09-05 10:12:24', NULL, NULL, '0');
INSERT INTO `db_cz_cms`.`administrative_division` (`id`, `parentid`, `name`, `address`, `phone`, `zip_code`, `person_charge`, `creator`, `create_date`, `update_date`, `remark`, `is_delete`) VALUES ('223', '17', '石马村\r\n', NULL, NULL, NULL, NULL, '1', '2017-09-05 10:12:24', NULL, NULL, '0');
INSERT INTO `db_cz_cms`.`administrative_division` (`id`, `parentid`, `name`, `address`, `phone`, `zip_code`, `person_charge`, `creator`, `create_date`, `update_date`, `remark`, `is_delete`) VALUES ('224', '17', '高塔村\r\n', NULL, NULL, NULL, NULL, '1', '2017-09-05 10:12:24', NULL, NULL, '0');
INSERT INTO `db_cz_cms`.`administrative_division` (`id`, `parentid`, `name`, `address`, `phone`, `zip_code`, `person_charge`, `creator`, `create_date`, `update_date`, `remark`, `is_delete`) VALUES ('225', '17', '顺江村\r\n', NULL, NULL, NULL, NULL, '1', '2017-09-05 10:12:24', NULL, NULL, '0');
INSERT INTO `db_cz_cms`.`administrative_division` (`id`, `parentid`, `name`, `address`, `phone`, `zip_code`, `person_charge`, `creator`, `create_date`, `update_date`, `remark`, `is_delete`) VALUES ('226', '18', '大划场镇社区', NULL, NULL, NULL, NULL, '1', '2017-09-05 10:12:24', NULL, NULL, '0');
INSERT INTO `db_cz_cms`.`administrative_division` (`id`, `parentid`, `name`, `address`, `phone`, `zip_code`, `person_charge`, `creator`, `create_date`, `update_date`, `remark`, `is_delete`) VALUES ('227', '18', '灰窑村', NULL, NULL, NULL, NULL, '1', '2017-09-05 10:12:24', NULL, NULL, '0');
INSERT INTO `db_cz_cms`.`administrative_division` (`id`, `parentid`, `name`, `address`, `phone`, `zip_code`, `person_charge`, `creator`, `create_date`, `update_date`, `remark`, `is_delete`) VALUES ('228', '18', '崇镇村', NULL, NULL, NULL, NULL, '1', '2017-09-05 10:12:24', NULL, NULL, '0');
INSERT INTO `db_cz_cms`.`administrative_division` (`id`, `parentid`, `name`, `address`, `phone`, `zip_code`, `person_charge`, `creator`, `create_date`, `update_date`, `remark`, `is_delete`) VALUES ('229', '18', '划石村', NULL, NULL, NULL, NULL, '1', '2017-09-05 10:12:24', NULL, NULL, '0');
INSERT INTO `db_cz_cms`.`administrative_division` (`id`, `parentid`, `name`, `address`, `phone`, `zip_code`, `person_charge`, `creator`, `create_date`, `update_date`, `remark`, `is_delete`) VALUES ('230', '18', '石桥村', NULL, NULL, NULL, NULL, '1', '2017-09-05 10:12:24', NULL, NULL, '0');
INSERT INTO `db_cz_cms`.`administrative_division` (`id`, `parentid`, `name`, `address`, `phone`, `zip_code`, `person_charge`, `creator`, `create_date`, `update_date`, `remark`, `is_delete`) VALUES ('231', '18', '净居村', NULL, NULL, NULL, NULL, '1', '2017-09-05 10:12:24', NULL, NULL, '0');
INSERT INTO `db_cz_cms`.`administrative_division` (`id`, `parentid`, `name`, `address`, `phone`, `zip_code`, `person_charge`, `creator`, `create_date`, `update_date`, `remark`, `is_delete`) VALUES ('232', '18', '德寿村', NULL, NULL, NULL, NULL, '1', '2017-09-05 10:12:24', NULL, NULL, '0');
INSERT INTO `db_cz_cms`.`administrative_division` (`id`, `parentid`, `name`, `address`, `phone`, `zip_code`, `person_charge`, `creator`, `create_date`, `update_date`, `remark`, `is_delete`) VALUES ('233', '18', '白果村', NULL, NULL, NULL, NULL, '1', '2017-09-05 10:12:24', NULL, NULL, '0');
INSERT INTO `db_cz_cms`.`administrative_division` (`id`, `parentid`, `name`, `address`, `phone`, `zip_code`, `person_charge`, `creator`, `create_date`, `update_date`, `remark`, `is_delete`) VALUES ('234', '18', '登田村\r\n', NULL, NULL, NULL, NULL, '1', '2017-09-05 10:12:24', NULL, NULL, '0');
INSERT INTO `db_cz_cms`.`administrative_division` (`id`, `parentid`, `name`, `address`, `phone`, `zip_code`, `person_charge`, `creator`, `create_date`, `update_date`, `remark`, `is_delete`) VALUES ('235', '19', '兴裕社区', NULL, NULL, NULL, NULL, '1', '2017-09-05 10:12:24', NULL, NULL, '0');
INSERT INTO `db_cz_cms`.`administrative_division` (`id`, `parentid`, `name`, `address`, `phone`, `zip_code`, `person_charge`, `creator`, `create_date`, `update_date`, `remark`, `is_delete`) VALUES ('236', '19', '城白村', NULL, NULL, NULL, NULL, '1', '2017-09-05 10:12:24', NULL, NULL, '0');
INSERT INTO `db_cz_cms`.`administrative_division` (`id`, `parentid`, `name`, `address`, `phone`, `zip_code`, `person_charge`, `creator`, `create_date`, `update_date`, `remark`, `is_delete`) VALUES ('237', '19', '真武村\r\n', NULL, NULL, NULL, NULL, '1', '2017-09-05 10:12:24', NULL, NULL, '0');
INSERT INTO `db_cz_cms`.`administrative_division` (`id`, `parentid`, `name`, `address`, `phone`, `zip_code`, `person_charge`, `creator`, `create_date`, `update_date`, `remark`, `is_delete`) VALUES ('238', '19', '天府村\r\n', NULL, NULL, NULL, NULL, '1', '2017-09-05 10:12:24', NULL, NULL, '0');
INSERT INTO `db_cz_cms`.`administrative_division` (`id`, `parentid`, `name`, `address`, `phone`, `zip_code`, `person_charge`, `creator`, `create_date`, `update_date`, `remark`, `is_delete`) VALUES ('239', '19', '自公村\r\n', NULL, NULL, NULL, NULL, '1', '2017-09-05 10:12:24', NULL, NULL, '0');
INSERT INTO `db_cz_cms`.`administrative_division` (`id`, `parentid`, `name`, `address`, `phone`, `zip_code`, `person_charge`, `creator`, `create_date`, `update_date`, `remark`, `is_delete`) VALUES ('240', '19', '天寿村\r\n', NULL, NULL, NULL, NULL, '1', '2017-09-05 10:12:24', NULL, NULL, '0');
INSERT INTO `db_cz_cms`.`administrative_division` (`id`, `parentid`, `name`, `address`, `phone`, `zip_code`, `person_charge`, `creator`, `create_date`, `update_date`, `remark`, `is_delete`) VALUES ('241', '20', '中和社区\r\n', NULL, NULL, NULL, NULL, '1', '2017-09-05 10:12:24', NULL, NULL, '0');
INSERT INTO `db_cz_cms`.`administrative_division` (`id`, `parentid`, `name`, `address`, `phone`, `zip_code`, `person_charge`, `creator`, `create_date`, `update_date`, `remark`, `is_delete`) VALUES ('242', '20', '生建村\r\n', NULL, NULL, NULL, NULL, '1', '2017-09-05 10:12:24', NULL, NULL, '0');
INSERT INTO `db_cz_cms`.`administrative_division` (`id`, `parentid`, `name`, `address`, `phone`, `zip_code`, `person_charge`, `creator`, `create_date`, `update_date`, `remark`, `is_delete`) VALUES ('243', '20', '千功村\r\n', NULL, NULL, NULL, NULL, '1', '2017-09-05 10:12:24', NULL, NULL, '0');
INSERT INTO `db_cz_cms`.`administrative_division` (`id`, `parentid`, `name`, `address`, `phone`, `zip_code`, `person_charge`, `creator`, `create_date`, `update_date`, `remark`, `is_delete`) VALUES ('244', '20', '灵通村\r\n', NULL, NULL, NULL, NULL, '1', '2017-09-05 10:12:24', NULL, NULL, '0');
INSERT INTO `db_cz_cms`.`administrative_division` (`id`, `parentid`, `name`, `address`, `phone`, `zip_code`, `person_charge`, `creator`, `create_date`, `update_date`, `remark`, `is_delete`) VALUES ('245', '20', '群安村\r\n', NULL, NULL, NULL, NULL, '1', '2017-09-05 10:12:24', NULL, NULL, '0');
INSERT INTO `db_cz_cms`.`administrative_division` (`id`, `parentid`, `name`, `address`, `phone`, `zip_code`, `person_charge`, `creator`, `create_date`, `update_date`, `remark`, `is_delete`) VALUES ('246', '21', '白马社区\r\n', NULL, NULL, NULL, NULL, '1', '2017-09-05 10:12:24', NULL, NULL, '0');
INSERT INTO `db_cz_cms`.`administrative_division` (`id`, `parentid`, `name`, `address`, `phone`, `zip_code`, `person_charge`, `creator`, `create_date`, `update_date`, `remark`, `is_delete`) VALUES ('247', '21', '新华村\r\n', NULL, NULL, NULL, NULL, '1', '2017-09-05 10:12:24', NULL, NULL, '0');
INSERT INTO `db_cz_cms`.`administrative_division` (`id`, `parentid`, `name`, `address`, `phone`, `zip_code`, `person_charge`, `creator`, `create_date`, `update_date`, `remark`, `is_delete`) VALUES ('248', '21', '乌尤村\r\n', NULL, NULL, NULL, NULL, '1', '2017-09-05 10:12:24', NULL, NULL, '0');
INSERT INTO `db_cz_cms`.`administrative_division` (`id`, `parentid`, `name`, `address`, `phone`, `zip_code`, `person_charge`, `creator`, `create_date`, `update_date`, `remark`, `is_delete`) VALUES ('249', '21', '天明村\r\n', NULL, NULL, NULL, NULL, '1', '2017-09-05 10:12:24', NULL, NULL, '0');
INSERT INTO `db_cz_cms`.`administrative_division` (`id`, `parentid`, `name`, `address`, `phone`, `zip_code`, `person_charge`, `creator`, `create_date`, `update_date`, `remark`, `is_delete`) VALUES ('250', '21', '余塘村\r\n', NULL, NULL, NULL, NULL, '1', '2017-09-05 10:12:24', NULL, NULL, '0');
INSERT INTO `db_cz_cms`.`administrative_division` (`id`, `parentid`, `name`, `address`, `phone`, `zip_code`, `person_charge`, `creator`, `create_date`, `update_date`, `remark`, `is_delete`) VALUES ('251', '22', '桤木河社区\r\n', NULL, NULL, NULL, NULL, '1', '2017-09-05 10:12:24', NULL, NULL, '0');
INSERT INTO `db_cz_cms`.`administrative_division` (`id`, `parentid`, `name`, `address`, `phone`, `zip_code`, `person_charge`, `creator`, `create_date`, `update_date`, `remark`, `is_delete`) VALUES ('252', '22', '花果山社区\r\n', NULL, NULL, NULL, NULL, '1', '2017-09-05 10:12:24', NULL, NULL, '0');
INSERT INTO `db_cz_cms`.`administrative_division` (`id`, `parentid`, `name`, `address`, `phone`, `zip_code`, `person_charge`, `creator`, `create_date`, `update_date`, `remark`, `is_delete`) VALUES ('253', '22', '林秀村\r\n', NULL, NULL, NULL, NULL, '1', '2017-09-05 10:12:24', NULL, NULL, '0');
INSERT INTO `db_cz_cms`.`administrative_division` (`id`, `parentid`, `name`, `address`, `phone`, `zip_code`, `person_charge`, `creator`, `create_date`, `update_date`, `remark`, `is_delete`) VALUES ('254', '22', '天冬堰村\r\n', NULL, NULL, NULL, NULL, '1', '2017-09-05 10:12:24', NULL, NULL, '0');
INSERT INTO `db_cz_cms`.`administrative_division` (`id`, `parentid`, `name`, `address`, `phone`, `zip_code`, `person_charge`, `creator`, `create_date`, `update_date`, `remark`, `is_delete`) VALUES ('255', '22', '三合堰村\r\n', NULL, NULL, NULL, NULL, '1', '2017-09-05 10:12:24', NULL, NULL, '0');
INSERT INTO `db_cz_cms`.`administrative_division` (`id`, `parentid`, `name`, `address`, `phone`, `zip_code`, `person_charge`, `creator`, `create_date`, `update_date`, `remark`, `is_delete`) VALUES ('256', '23', '鞍子河社区\r\n', NULL, NULL, NULL, NULL, '1', '2017-09-05 10:12:24', NULL, NULL, '0');
INSERT INTO `db_cz_cms`.`administrative_division` (`id`, `parentid`, `name`, `address`, `phone`, `zip_code`, `person_charge`, `creator`, `create_date`, `update_date`, `remark`, `is_delete`) VALUES ('257', '23', '岩峰村\r\n', NULL, NULL, NULL, NULL, '1', '2017-09-05 10:12:24', NULL, NULL, '0');
INSERT INTO `db_cz_cms`.`administrative_division` (`id`, `parentid`, `name`, `address`, `phone`, `zip_code`, `person_charge`, `creator`, `create_date`, `update_date`, `remark`, `is_delete`) VALUES ('258', '23', '苟家村', NULL, NULL, NULL, NULL, '1', '2017-09-05 10:12:24', NULL, NULL, '0');
INSERT INTO `db_cz_cms`.`administrative_division` (`id`, `parentid`, `name`, `address`, `phone`, `zip_code`, `person_charge`, `creator`, `create_date`, `update_date`, `remark`, `is_delete`) VALUES ('259', '23', '琉璃村', NULL, NULL, NULL, NULL, '1', '2017-09-05 10:12:24', NULL, NULL, '0');
INSERT INTO `db_cz_cms`.`administrative_division` (`id`, `parentid`, `name`, `address`, `phone`, `zip_code`, `person_charge`, `creator`, `create_date`, `update_date`, `remark`, `is_delete`) VALUES ('260', '23', '薤子村\r\n', NULL, NULL, NULL, NULL, '1', '2017-09-05 10:12:24', NULL, NULL, '0');
INSERT INTO `db_cz_cms`.`administrative_division` (`id`, `parentid`, `name`, `address`, `phone`, `zip_code`, `person_charge`, `creator`, `create_date`, `update_date`, `remark`, `is_delete`) VALUES ('261', '23', '大木村\r\n', NULL, NULL, NULL, NULL, '1', '2017-09-05 10:12:24', NULL, NULL, '0');
INSERT INTO `db_cz_cms`.`administrative_division` (`id`, `parentid`, `name`, `address`, `phone`, `zip_code`, `person_charge`, `creator`, `create_date`, `update_date`, `remark`, `is_delete`) VALUES ('262', '23', '竹根村\r\n', NULL, NULL, NULL, NULL, '1', '2017-09-05 10:12:24', NULL, NULL, '0');
INSERT INTO `db_cz_cms`.`administrative_division` (`id`, `parentid`, `name`, `address`, `phone`, `zip_code`, `person_charge`, `creator`, `create_date`, `update_date`, `remark`, `is_delete`) VALUES ('263', '24', '协和社区\r\n', NULL, NULL, NULL, NULL, '1', '2017-09-05 10:12:24', NULL, NULL, '0');
INSERT INTO `db_cz_cms`.`administrative_division` (`id`, `parentid`, `name`, `address`, `phone`, `zip_code`, `person_charge`, `creator`, `create_date`, `update_date`, `remark`, `is_delete`) VALUES ('264', '24', '文昌村\r\n', NULL, NULL, NULL, NULL, '1', '2017-09-05 10:12:24', NULL, NULL, '0');
INSERT INTO `db_cz_cms`.`administrative_division` (`id`, `parentid`, `name`, `address`, `phone`, `zip_code`, `person_charge`, `creator`, `create_date`, `update_date`, `remark`, `is_delete`) VALUES ('265', '24', '济民村\r\n', NULL, NULL, NULL, NULL, '1', '2017-09-05 10:12:24', NULL, NULL, '0');
INSERT INTO `db_cz_cms`.`administrative_division` (`id`, `parentid`, `name`, `address`, `phone`, `zip_code`, `person_charge`, `creator`, `create_date`, `update_date`, `remark`, `is_delete`) VALUES ('266', '24', '双凤村\r\n', NULL, NULL, NULL, NULL, '1', '2017-09-05 10:12:24', NULL, NULL, '0');
INSERT INTO `db_cz_cms`.`administrative_division` (`id`, `parentid`, `name`, `address`, `phone`, `zip_code`, `person_charge`, `creator`, `create_date`, `update_date`, `remark`, `is_delete`) VALUES ('267', '24', '天宫村\r\n', NULL, NULL, NULL, NULL, '1', '2017-09-05 10:12:24', NULL, NULL, '0');
INSERT INTO `db_cz_cms`.`administrative_division` (`id`, `parentid`, `name`, `address`, `phone`, `zip_code`, `person_charge`, `creator`, `create_date`, `update_date`, `remark`, `is_delete`) VALUES ('268', '25', '安顺社区', NULL, NULL, NULL, NULL, '1', '2017-09-05 10:12:24', NULL, NULL, '0');
INSERT INTO `db_cz_cms`.`administrative_division` (`id`, `parentid`, `name`, `address`, `phone`, `zip_code`, `person_charge`, `creator`, `create_date`, `update_date`, `remark`, `is_delete`) VALUES ('269', '25', '回龙村', NULL, NULL, NULL, NULL, '1', '2017-09-05 10:12:24', NULL, NULL, '0');
INSERT INTO `db_cz_cms`.`administrative_division` (`id`, `parentid`, `name`, `address`, `phone`, `zip_code`, `person_charge`, `creator`, `create_date`, `update_date`, `remark`, `is_delete`) VALUES ('270', '25', '崇德社区', NULL, NULL, NULL, NULL, '1', '2017-09-05 10:12:24', NULL, NULL, '0');
INSERT INTO `db_cz_cms`.`administrative_division` (`id`, `parentid`, `name`, `address`, `phone`, `zip_code`, `person_charge`, `creator`, `create_date`, `update_date`, `remark`, `is_delete`) VALUES ('271', '25', '壁山村', NULL, NULL, NULL, NULL, '1', '2017-09-05 10:12:24', NULL, NULL, '0');
INSERT INTO `db_cz_cms`.`administrative_division` (`id`, `parentid`, `name`, `address`, `phone`, `zip_code`, `person_charge`, `creator`, `create_date`, `update_date`, `remark`, `is_delete`) VALUES ('272', '25', '铧头村', NULL, NULL, NULL, NULL, '1', '2017-09-05 10:12:24', NULL, NULL, '0');
INSERT INTO `db_cz_cms`.`administrative_division` (`id`, `parentid`, `name`, `address`, `phone`, `zip_code`, `person_charge`, `creator`, `create_date`, `update_date`, `remark`, `is_delete`) VALUES ('273', '25', '七洞村', NULL, NULL, NULL, NULL, '1', '2017-09-05 10:12:24', NULL, NULL, '0');
INSERT INTO `db_cz_cms`.`administrative_division` (`id`, `parentid`, `name`, `address`, `phone`, `zip_code`, `person_charge`, `creator`, `create_date`, `update_date`, `remark`, `is_delete`) VALUES ('274', '25', '梓乐村\r\n', NULL, NULL, NULL, NULL, '1', '2017-09-05 10:12:24', NULL, NULL, '0');
INSERT INTO `db_cz_cms`.`administrative_division` (`id`, `parentid`, `name`, `address`, `phone`, `zip_code`, `person_charge`, `creator`, `create_date`, `update_date`, `remark`, `is_delete`) VALUES ('275', '25', '紫竹村\r\n', NULL, NULL, NULL, NULL, '1', '2017-09-05 10:12:24', NULL, NULL, '0');
INSERT INTO `db_cz_cms`.`administrative_division` (`id`, `parentid`, `name`, `address`, `phone`, `zip_code`, `person_charge`, `creator`, `create_date`, `update_date`, `remark`, `is_delete`) VALUES ('276', '26', '文锦社区\r\n', NULL, NULL, NULL, NULL, '1', '2017-09-05 10:12:24', NULL, NULL, '0');
INSERT INTO `db_cz_cms`.`administrative_division` (`id`, `parentid`, `name`, `address`, `phone`, `zip_code`, `person_charge`, `creator`, `create_date`, `update_date`, `remark`, `is_delete`) VALUES ('277', '26', '华兴村\r\n', NULL, NULL, NULL, NULL, '1', '2017-09-05 10:12:24', NULL, NULL, '0');
INSERT INTO `db_cz_cms`.`administrative_division` (`id`, `parentid`, `name`, `address`, `phone`, `zip_code`, `person_charge`, `creator`, `create_date`, `update_date`, `remark`, `is_delete`) VALUES ('278', '26', '梁景村\r\n', NULL, NULL, NULL, NULL, '1', '2017-09-05 10:12:24', NULL, NULL, '0');
INSERT INTO `db_cz_cms`.`administrative_division` (`id`, `parentid`, `name`, `address`, `phone`, `zip_code`, `person_charge`, `creator`, `create_date`, `update_date`, `remark`, `is_delete`) VALUES ('279', '26', '山泉村\r\n', NULL, NULL, NULL, NULL, '1', '2017-09-05 10:12:24', NULL, NULL, '0');

-- 初始化机构管理参数
INSERT INTO `db_cz_cms`.`administrative_management` (`id`, `administrative_name`, `address`, `phone`, `zip_code`, `person_charge`, `creator`, `create_date`, `update_date`, `remark`, `is_delete`) VALUES ('1', '法院', NULL, NULL, NULL, NULL, '1', '2017-09-05 10:52:24', NULL, NULL, '0');
INSERT INTO `db_cz_cms`.`administrative_management` (`id`, `administrative_name`, `address`, `phone`, `zip_code`, `person_charge`, `creator`, `create_date`, `update_date`, `remark`, `is_delete`) VALUES ('2', '市教育局', NULL, NULL, NULL, NULL, '1', '2017-09-05 10:52:24', NULL, NULL, '0');
INSERT INTO `db_cz_cms`.`administrative_management` (`id`, `administrative_name`, `address`, `phone`, `zip_code`, `person_charge`, `creator`, `create_date`, `update_date`, `remark`, `is_delete`) VALUES ('3', '市民政局', NULL, NULL, NULL, NULL, '1', '2017-09-05 10:52:24', NULL, NULL, '0');
INSERT INTO `db_cz_cms`.`administrative_management` (`id`, `administrative_name`, `address`, `phone`, `zip_code`, `person_charge`, `creator`, `create_date`, `update_date`, `remark`, `is_delete`) VALUES ('4', '市科协', NULL, NULL, NULL, NULL, '1', '2017-09-05 10:52:24', NULL, NULL, '0');
INSERT INTO `db_cz_cms`.`administrative_management` (`id`, `administrative_name`, `address`, `phone`, `zip_code`, `person_charge`, `creator`, `create_date`, `update_date`, `remark`, `is_delete`) VALUES ('5', '市审计局', NULL, NULL, NULL, NULL, '1', '2017-09-05 10:52:24', NULL, NULL, '0');
INSERT INTO `db_cz_cms`.`administrative_management` (`id`, `administrative_name`, `address`, `phone`, `zip_code`, `person_charge`, `creator`, `create_date`, `update_date`, `remark`, `is_delete`) VALUES ('6', '崇州市优质粮油产业园', NULL, NULL, NULL, NULL, '1', '2017-09-05 10:52:24', NULL, NULL, '0');
INSERT INTO `db_cz_cms`.`administrative_management` (`id`, `administrative_name`, `address`, `phone`, `zip_code`, `person_charge`, `creator`, `create_date`, `update_date`, `remark`, `is_delete`) VALUES ('7', '市住建局', NULL, NULL, NULL, NULL, '1', '2017-09-05 10:52:24', NULL, NULL, '0');
INSERT INTO `db_cz_cms`.`administrative_management` (`id`, `administrative_name`, `address`, `phone`, `zip_code`, `person_charge`, `creator`, `create_date`, `update_date`, `remark`, `is_delete`) VALUES ('8', '市农发局', NULL, NULL, NULL, NULL, '1', '2017-09-05 10:52:24', NULL, NULL, '0');
INSERT INTO `db_cz_cms`.`administrative_management` (`id`, `administrative_name`, `address`, `phone`, `zip_code`, `person_charge`, `creator`, `create_date`, `update_date`, `remark`, `is_delete`) VALUES ('9', '市安监局', NULL, NULL, NULL, NULL, '1', '2017-09-05 10:52:24', NULL, NULL, '0');
INSERT INTO `db_cz_cms`.`administrative_management` (`id`, `administrative_name`, `address`, `phone`, `zip_code`, `person_charge`, `creator`, `create_date`, `update_date`, `remark`, `is_delete`) VALUES ('10', '市人社局', NULL, NULL, NULL, NULL, '1', '2017-09-05 10:52:24', NULL, NULL, '0');
INSERT INTO `db_cz_cms`.`administrative_management` (`id`, `administrative_name`, `address`, `phone`, `zip_code`, `person_charge`, `creator`, `create_date`, `update_date`, `remark`, `is_delete`) VALUES ('11', '市文旅局', NULL, NULL, NULL, NULL, '1', '2017-09-05 10:52:24', NULL, NULL, '0');
INSERT INTO `db_cz_cms`.`administrative_management` (`id`, `administrative_name`, `address`, `phone`, `zip_code`, `person_charge`, `creator`, `create_date`, `update_date`, `remark`, `is_delete`) VALUES ('12', '政务中心', NULL, NULL, NULL, NULL, '1', '2017-09-05 10:52:24', NULL, NULL, '0');
INSERT INTO `db_cz_cms`.`administrative_management` (`id`, `administrative_name`, `address`, `phone`, `zip_code`, `person_charge`, `creator`, `create_date`, `update_date`, `remark`, `is_delete`) VALUES ('13', '市景区管理局', NULL, NULL, NULL, NULL, '1', '2017-09-05 10:52:24', NULL, NULL, '0');
INSERT INTO `db_cz_cms`.`administrative_management` (`id`, `administrative_name`, `address`, `phone`, `zip_code`, `person_charge`, `creator`, `create_date`, `update_date`, `remark`, `is_delete`) VALUES ('14', '市发改委', NULL, NULL, NULL, NULL, '1', '2017-09-05 10:52:24', NULL, NULL, '0');
INSERT INTO `db_cz_cms`.`administrative_management` (`id`, `administrative_name`, `address`, `phone`, `zip_code`, `person_charge`, `creator`, `create_date`, `update_date`, `remark`, `is_delete`) VALUES ('15', '市公安局', NULL, NULL, NULL, NULL, '1', '2017-09-05 10:52:24', NULL, NULL, '0');
INSERT INTO `db_cz_cms`.`administrative_management` (`id`, `administrative_name`, `address`, `phone`, `zip_code`, `person_charge`, `creator`, `create_date`, `update_date`, `remark`, `is_delete`) VALUES ('16', '市司法局', NULL, NULL, NULL, NULL, '1', '2017-09-05 10:52:24', NULL, NULL, '0');
INSERT INTO `db_cz_cms`.`administrative_management` (`id`, `administrative_name`, `address`, `phone`, `zip_code`, `person_charge`, `creator`, `create_date`, `update_date`, `remark`, `is_delete`) VALUES ('17', '市档案局', NULL, NULL, NULL, NULL, '1', '2017-09-05 10:52:24', NULL, NULL, '0');
INSERT INTO `db_cz_cms`.`administrative_management` (`id`, `administrative_name`, `address`, `phone`, `zip_code`, `person_charge`, `creator`, `create_date`, `update_date`, `remark`, `is_delete`) VALUES ('18', '市水务局', NULL, NULL, NULL, NULL, '1', '2017-09-05 10:52:24', NULL, NULL, '0');
INSERT INTO `db_cz_cms`.`administrative_management` (`id`, `administrative_name`, `address`, `phone`, `zip_code`, `person_charge`, `creator`, `create_date`, `update_date`, `remark`, `is_delete`) VALUES ('19', '市国土局', NULL, NULL, NULL, NULL, '1', '2017-09-05 10:52:24', NULL, NULL, '0');
INSERT INTO `db_cz_cms`.`administrative_management` (`id`, `administrative_name`, `address`, `phone`, `zip_code`, `person_charge`, `creator`, `create_date`, `update_date`, `remark`, `is_delete`) VALUES ('20', '市城管局', NULL, NULL, NULL, NULL, '1', '2017-09-05 10:52:24', NULL, NULL, '0');
INSERT INTO `db_cz_cms`.`administrative_management` (`id`, `administrative_name`, `address`, `phone`, `zip_code`, `person_charge`, `creator`, `create_date`, `update_date`, `remark`, `is_delete`) VALUES ('21', '市规划局', NULL, NULL, NULL, NULL, '1', '2017-09-05 10:52:24', NULL, NULL, '0');
INSERT INTO `db_cz_cms`.`administrative_management` (`id`, `administrative_name`, `address`, `phone`, `zip_code`, `person_charge`, `creator`, `create_date`, `update_date`, `remark`, `is_delete`) VALUES ('22', '市市场监察局', NULL, NULL, NULL, NULL, '1', '2017-09-05 10:52:24', NULL, NULL, '0');
INSERT INTO `db_cz_cms`.`administrative_management` (`id`, `administrative_name`, `address`, `phone`, `zip_code`, `person_charge`, `creator`, `create_date`, `update_date`, `remark`, `is_delete`) VALUES ('23', '市残联', NULL, NULL, NULL, NULL, '1', '2017-09-05 10:52:24', NULL, NULL, '0');
INSERT INTO `db_cz_cms`.`administrative_management` (`id`, `administrative_name`, `address`, `phone`, `zip_code`, `person_charge`, `creator`, `create_date`, `update_date`, `remark`, `is_delete`) VALUES ('24', '市史志办', NULL, NULL, NULL, NULL, '1', '2017-09-05 10:52:24', NULL, NULL, '0');
INSERT INTO `db_cz_cms`.`administrative_management` (`id`, `administrative_name`, `address`, `phone`, `zip_code`, `person_charge`, `creator`, `create_date`, `update_date`, `remark`, `is_delete`) VALUES ('25', '国税局', NULL, NULL, NULL, NULL, '1', '2017-09-05 10:52:24', NULL, NULL, '0');
INSERT INTO `db_cz_cms`.`administrative_management` (`id`, `administrative_name`, `address`, `phone`, `zip_code`, `person_charge`, `creator`, `create_date`, `update_date`, `remark`, `is_delete`) VALUES ('26', '市工商联', NULL, NULL, NULL, NULL, '1', '2017-09-05 10:52:24', NULL, NULL, '0');
INSERT INTO `db_cz_cms`.`administrative_management` (`id`, `administrative_name`, `address`, `phone`, `zip_code`, `person_charge`, `creator`, `create_date`, `update_date`, `remark`, `is_delete`) VALUES ('27', '市经信局', NULL, NULL, NULL, NULL, '1', '2017-09-05 10:52:24', NULL, NULL, '0');
INSERT INTO `db_cz_cms`.`administrative_management` (`id`, `administrative_name`, `address`, `phone`, `zip_code`, `person_charge`, `creator`, `create_date`, `update_date`, `remark`, `is_delete`) VALUES ('28', '市综合执法局', NULL, NULL, NULL, NULL, '1', '2017-09-05 10:52:24', NULL, NULL, '0');
INSERT INTO `db_cz_cms`.`administrative_management` (`id`, `administrative_name`, `address`, `phone`, `zip_code`, `person_charge`, `creator`, `create_date`, `update_date`, `remark`, `is_delete`) VALUES ('29', '市财政局', NULL, NULL, NULL, NULL, '1', '2017-09-05 10:52:24', NULL, NULL, '0');
INSERT INTO `db_cz_cms`.`administrative_management` (`id`, `administrative_name`, `address`, `phone`, `zip_code`, `person_charge`, `creator`, `create_date`, `update_date`, `remark`, `is_delete`) VALUES ('30', '市卫计局', NULL, NULL, NULL, NULL, '1', '2017-09-05 10:52:24', NULL, NULL, '0');
INSERT INTO `db_cz_cms`.`administrative_management` (`id`, `administrative_name`, `address`, `phone`, `zip_code`, `person_charge`, `creator`, `create_date`, `update_date`, `remark`, `is_delete`) VALUES ('31', '市统计局', NULL, NULL, NULL, NULL, '1', '2017-09-05 10:52:24', NULL, NULL, '0');
INSERT INTO `db_cz_cms`.`administrative_management` (`id`, `administrative_name`, `address`, `phone`, `zip_code`, `person_charge`, `creator`, `create_date`, `update_date`, `remark`, `is_delete`) VALUES ('32', '市环保局', NULL, NULL, NULL, NULL, '1', '2017-09-05 10:52:24', NULL, NULL, '0');
INSERT INTO `db_cz_cms`.`administrative_management` (`id`, `administrative_name`, `address`, `phone`, `zip_code`, `person_charge`, `creator`, `create_date`, `update_date`, `remark`, `is_delete`) VALUES ('33', '市交通局', NULL, NULL, NULL, NULL, '1', '2017-09-05 10:52:24', NULL, NULL, '0');
INSERT INTO `db_cz_cms`.`administrative_management` (`id`, `administrative_name`, `address`, `phone`, `zip_code`, `person_charge`, `creator`, `create_date`, `update_date`, `remark`, `is_delete`) VALUES ('34', '市商投局', NULL, NULL, NULL, NULL, '1', '2017-09-05 10:52:24', NULL, NULL, '0');
INSERT INTO `db_cz_cms`.`administrative_management` (`id`, `administrative_name`, `address`, `phone`, `zip_code`, `person_charge`, `creator`, `create_date`, `update_date`, `remark`, `is_delete`) VALUES ('35', '市法制办', NULL, NULL, NULL, NULL, '1', '2017-09-05 10:52:24', NULL, NULL, '0');
INSERT INTO `db_cz_cms`.`administrative_management` (`id`, `administrative_name`, `address`, `phone`, `zip_code`, `person_charge`, `creator`, `create_date`, `update_date`, `remark`, `is_delete`) VALUES ('36', '市市场服务中心', NULL, NULL, NULL, NULL, '1', '2017-09-05 10:52:24', NULL, NULL, '0');
INSERT INTO `db_cz_cms`.`administrative_management` (`id`, `administrative_name`, `address`, `phone`, `zip_code`, `person_charge`, `creator`, `create_date`, `update_date`, `remark`, `is_delete`) VALUES ('37', '市防震减灾局', NULL, NULL, NULL, NULL, '1', '2017-09-05 10:52:24', NULL, NULL, '0');
INSERT INTO `db_cz_cms`.`administrative_management` (`id`, `administrative_name`, `address`, `phone`, `zip_code`, `person_charge`, `creator`, `create_date`, `update_date`, `remark`, `is_delete`) VALUES ('38', '市委党校', NULL, NULL, NULL, NULL, '1', '2017-09-05 10:52:24', NULL, NULL, '0');
INSERT INTO `db_cz_cms`.`administrative_management` (`id`, `administrative_name`, `address`, `phone`, `zip_code`, `person_charge`, `creator`, `create_date`, `update_date`, `remark`, `is_delete`) VALUES ('39', '市气象局', NULL, NULL, NULL, NULL, '1', '2017-09-05 10:52:24', NULL, NULL, '0');
UPDATE `db_cz_cms`.`system_menu` SET  `name`='基本信息导入', `description`='导入居民基本信息', `target_url`='/importResident/batchAddResidentBaseinfo' WHERE (`id`='44');
UPDATE `db_cz_cms`.`system_menu` SET `name`='居民信息管理',`icon_url`='&#xe6b4;' WHERE (`id`='38');
UPDATE `db_cz_cms`.`system_menu` SET `name`='基本信息管理' WHERE (`id`='39');



-- Records of 具备权限的字段field_yjh
-- ----------------------------
INSERT INTO `field` VALUES ('1', 'isCivilAffairs', 'is_civil_affairs', '扩展信息表', '民政性质');
INSERT INTO `field` VALUES ('2', 'isDisableFederation', 'is_disable_federation', '扩展信息表', '残联性质');



-- 初始化平台配置
INSERT INTO `db_cz_cms`.`platform` (`id`, `appid`, `app_name`, `app_secret`, `app_private_key`, `plat_name`, `exchange_rule`, `public_key`, `private_key`, `status`, `creator`, `updator`, `update_date`, `create_date`) VALUES ('1', '945046d0-43b3-49fd-99be-f53de05cf1eb', 'cz_cms', NULL, NULL, '卡管平台', NULL, 'MIGfMA0GCSqGSIb3DQEBAQUAA4GNADCBiQKBgQDMdV7lJk5NUMXpJgP+uxHrTrvXd1ZiLf4xSE/3Wp/JbGU+6/YMadREJGIjH2mbs1cAT8xRpicpVMk14mNw6knEwihljpykGcw77hpkKGEYBY6byEed2f9S486x1OtjpMjOKXE/6mkq9/tcSoQl0Y4pFcU/SU6im2aaJpBfbUYYJQIDAQAB', 'MIICdQIBADANBgkqhkiG9w0BAQEFAASCAl8wggJbAgEAAoGBAMx1XuUmTk1QxekmA/67EetOu9d3VmIt/jFIT/dan8lsZT7r9gxp1EQkYiMfaZuzVwBPzFGmJylUyTXiY3DqScTCKGWOnKQZzDvuGmQoYRgFjpvIR53Z/1LjzrHU62OkyM4pcT/qaSr3+1xKhCXRjikVxT9JTqKbZpomkF9tRhglAgMBAAECgYB7iRdTQXfiQ0Gxg6S6TvGeya25nIN3Qu7pfBXFEN6m53WtNQkvqun0Wj9plVtMFmok6BI96zSSRoZkpmsLGKSExx4W/ruuxDttHQfS6elTeedJIax/3hNXJ6u4r8WuOKv9x/sUB0pWQPNPgdoAA/tMkIlV0jExCNx3TNUvoQSrgQJBAPHc/xtALnJmrP7EiEZDHioN+z04gxRNZe/pUL9n2Cx90shvWEWwKD80Us360WePMjmhO55/75srbpUEcDcUJxUCQQDYaK+QbF3dBBVt4zw9KxCobJrZCrlrQVLcKfUVXobC2Hiu56GS3TRZ/anCMXi8AInIsdcw9kUVRXlsnZSwFXDRAkALgcYpV75d9wCYBmWtYhgXTB795Khn2N7WsTUERj6Er1/N5W4/sofXqfeekSZRVQDAuSkK+2885K4YLOPh2vWZAkAyNU+OPWYlkf36yb6/Hk+2E8R1WKSeOsCjreRbudugNyMAyWLWNRYhTtXk5R9y1tkgxAn+JRTwE3dReNn3ZHIRAkBzVEiVqDBUN2+isFfgMMJvipZg4vR53lm/T9aeQMv0CpaorpE0SfQyvP2Bpx6z88tRfrsSK9Wi3bXYLqm3lk8H', '0', '1', NULL, NULL, '2017-10-08 14:51:25');
INSERT INTO `db_cz_cms`.`platform` (`id`, `appid`, `app_name`, `app_secret`, `app_private_key`, `plat_name`, `exchange_rule`, `public_key`, `private_key`, `status`, `creator`, `updator`, `update_date`, `create_date`) VALUES ('2', '2d32e4cc-cf21-4590-91fa-eef452b6846e', 'cz_app', NULL, NULL, '移动端app', NULL, 'MIGfMA0GCSqGSIb3DQEBAQUAA4GNADCBiQKBgQCxZjWEilgZUJ4YFFEzDRzBmqqmimJTzJx9dRlEMA8lbEWVi+ylR66uh2t2BQcTO6VOth6Q3XyxB7I0VP03Cf2H+2Qq6gHqNotkb26HjG3x7yelHPSljO6p5QjSziYD/p5qzRZelKJGMD7BhUUa3G9GVt8m/1N5PGBTh3q8j4weawIDAQAB', 'MIICdQIBADANBgkqhkiG9w0BAQEFAASCAl8wggJbAgEAAoGBALFmNYSKWBlQnhgUUTMNHMGaqqaKYlPMnH11GUQwDyVsRZWL7KVHrq6Ha3YFBxM7pU62HpDdfLEHsjRU/TcJ/Yf7ZCrqAeo2i2RvboeMbfHvJ6Uc9KWM7qnlCNLOJgP+nmrNFl6UokYwPsGFRRrcb0ZW3yb/U3k8YFOHeryPjB5rAgMBAAECgYBwCAhMR8ITWqI8urf88Y7zhWW3/zTRjypU4JqwQVmPXK0lIFS2nGpotgTbZ5lsQALJjqIHApk4g4+7FOFE3P5Kz8YGNnNLA80ggOZvWsfV+ngvorg+E4J1bA+WcsPj54VyGugXH0HvHYDAcLNt0gwB2AZvgPjyj8nlvy10uwupAQJBAOp/4Alr8Ao2y7bGAXBjkwSLueagxZGKuQqAydGVnXcAuXp/e4en1nsk52KaE+j2bLA862fASi7KS9l8FKoi8+ECQQDBqhaYetn9eB+ZapgpzUEwC4O5tKJHPpNQtxPuuBgUA/a+uIXUMKetFef7TiHPqOxt8wQ/w8ESmxFY0JZ5nBvLAkBqxlkr0RMWg4bUrWogU6awrjKymcf8Ek9ZQfUjUl3FvvW1mnCT/09A+TfGhOPF8tbglIyXzE266nAJEl+SbKHhAkA0XoRBs2bjTeptmA+RrjlkfpieTSRc06UOfJNdSFbqgq/knw1Bde7BtVzH7jbiarGUgdSyUYMSPvCP7cfjFr3FAkAlfF0fxxbBvbz4aoQh4TZBHqeRUsxFDi5E3Mid1c6svfQ1V4btHs7hkUzwJ2525m0T6Kpv7sDu8xkrWS7CgvBi', '0', '1', NULL, NULL, '2017-10-08 14:51:55');



SET FOREIGN_KEY_CHECKS = 1;