SET NAMES 'utf8';

USE db_cz_cms;

SET FOREIGN_KEY_CHECKS = 0;


-- ----------------------------
-- 导入默认数据
-- ----------------------------
INSERT INTO `db_cz_cms`.`system_menu` (`id`, `parent_id`, `sn`, `name`, `description`, `target_url`, `icon_url`, `show_index`, `type`, `method`, `status`, `creator`, `updator`, `create_date`, `update_date`) VALUES ('74', '2', '010104', '医院前置机管理', '医院前置机管理', '/frontEndMachine', '&#xe602;', '4', '1', '1', '0', '1', NULL, '2017-12-25 14:45:47', NULL);
INSERT INTO `db_cz_cms`.`system_menu` (`id`, `parent_id`, `sn`, `name`, `description`, `target_url`, `icon_url`, `show_index`, `type`, `method`, `status`, `creator`, `updator`, `create_date`, `update_date`) VALUES ('75', '74', '01010401', '医院前置机管理', '医院前置机管理', '/frontEndMachine/listPage', NULL, '1', '1', '1', '0', '1', NULL, '2017-12-25 15:06:43', NULL);
INSERT INTO `db_cz_cms`.`system_menu` (`id`, `parent_id`, `sn`, `name`, `description`, `target_url`, `icon_url`, `show_index`, `type`, `method`, `status`, `creator`, `updator`, `create_date`, `update_date`) VALUES ('76', '75', '0101040101', '添加', '添加前置机', '/frontEndMachine/add', NULL, '1', '1', '1', '0', '1', NULL, '2017-12-26 15:10:11', NULL);
INSERT INTO `db_cz_cms`.`system_menu` (`id`, `parent_id`, `sn`, `name`, `description`, `target_url`, `icon_url`, `show_index`, `type`, `method`, `status`, `creator`, `updator`, `create_date`, `update_date`) VALUES ('77', '75', '0101040102', '编辑', '编辑前置机', '/frontEndMachine/update', NULL, '2', '1', '1', '0', '1', NULL, '2017-12-26 15:10:46', NULL);
INSERT INTO `db_cz_cms`.`system_menu` (`id`, `parent_id`, `sn`, `name`, `description`, `target_url`, `icon_url`, `show_index`, `type`, `method`, `status`, `creator`, `updator`, `create_date`, `update_date`) VALUES ('78', '75', '0101040103', '删除', '删除前置机', '/frontEndMachine/delete', NULL, '3', '1', '1', '0', '1', NULL, '2017-12-26 15:11:26', NULL);
INSERT INTO `db_cz_cms`.`system_menu` (`id`, `parent_id`, `sn`, `name`, `description`, `target_url`, `icon_url`, `show_index`, `type`, `method`, `status`, `creator`, `updator`, `create_date`, `update_date`) VALUES ('79', '75', '0101040104', '启用', '启用前置机', '/frontEndMachine/enable', NULL, '4', '1', '1', '0', '1', NULL, '2017-12-26 15:15:42', NULL);
INSERT INTO `db_cz_cms`.`system_menu` (`id`, `parent_id`, `sn`, `name`, `description`, `target_url`, `icon_url`, `show_index`, `type`, `method`, `status`, `creator`, `updator`, `create_date`, `update_date`) VALUES ('80', '75', '0101040105', '禁用', '禁用前置机', '/frontEndMachine/disable', NULL, '5', '1', '1', '0', '1', NULL, '2017-12-26 15:16:37', NULL);
INSERT INTO `db_cz_cms`.`system_menu` (`id`, `parent_id`, `sn`, `name`, `description`, `target_url`, `icon_url`, `show_index`, `type`, `method`, `status`, `creator`, `updator`, `create_date`, `update_date`) VALUES ('81', '2', '010105', '主索引服务', '主索引后台管理', '/mainIndex', '&#xe6cb;', '4', '0', '0', '0', '1', '1', '2017-12-22 16:53:24', '2017-12-22 16:59:45');
INSERT INTO `db_cz_cms`.`system_menu` (`id`, `parent_id`, `sn`, `name`, `description`, `target_url`, `icon_url`, `show_index`, `type`, `method`, `status`, `creator`, `updator`, `create_date`, `update_date`) VALUES ('82', '81', '01010501', '基本身份信息', '', '/person/listPage', '', '1', '0', '0', '0', '1', '1', '2017-12-22 16:54:08', '2017-12-27 10:05:07');
INSERT INTO `db_cz_cms`.`system_menu` (`id`, `parent_id`, `sn`, `name`, `description`, `target_url`, `icon_url`, `show_index`, `type`, `method`, `status`, `creator`, `updator`, `create_date`, `update_date`) VALUES ('83', '82', '0101050101', '添加', '添加基本身份信息', '/person/addPerson', '', '1', '1', '1', '0', '1', '1', '2017-12-28 14:21:13', '2017-12-28 14:23:59');
INSERT INTO `db_cz_cms`.`system_menu` (`id`, `parent_id`, `sn`, `name`, `description`, `target_url`, `icon_url`, `show_index`, `type`, `method`, `status`, `creator`, `updator`, `create_date`, `update_date`) VALUES ('84', '82', '0101050102', '编辑', '修改基本身份信息', '/person/updatePerson', '', '2', '1', '1', '0', '1', NULL, '2017-12-28 14:23:45', NULL);
INSERT INTO `db_cz_cms`.`system_menu` (`id`, `parent_id`, `sn`, `name`, `description`, `target_url`, `icon_url`, `show_index`, `type`, `method`, `status`, `creator`, `updator`, `create_date`, `update_date`) VALUES ('85', '82', '0101050103', '删除', '删除基本身份信息', '/person/deletePersonById', '', '3', '1', '1', '0', '1', NULL, '2017-12-28 14:25:55', NULL);
INSERT INTO `db_cz_cms`.`system_menu` (`id`, `parent_id`, `sn`, `name`, `description`, `target_url`, `icon_url`, `show_index`, `type`, `method`, `status`, `creator`, `updator`, `create_date`, `update_date`) VALUES ('86', '82', '0101050104', '恢复', '恢复基本身份信息', '/person/recoveryPersonById', '', '4', '1', '1', '0', '1', '1', '2017-12-28 14:29:07', '2017-12-28 14:29:43');
INSERT INTO `db_cz_cms`.`system_menu` (`id`, `parent_id`, `sn`, `name`, `description`, `target_url`, `icon_url`, `show_index`, `type`, `method`, `status`, `creator`, `updator`, `create_date`, `update_date`) VALUES ('87', '82', '0101050105', '注销', '注销基本身份信息', '/person/cancelPersonById', '', '5', '1', '1', '0', '1', '1', '2017-12-28 14:32:50', '2017-12-28 14:33:12');
INSERT INTO `db_cz_cms`.`system_menu` (`id`, `parent_id`, `sn`, `name`, `description`, `target_url`, `icon_url`, `show_index`, `type`, `method`, `status`, `creator`, `updator`, `create_date`, `update_date`) VALUES ('88', '82', '0101050106', '地址管理', '跳转到添加地址的列表页面', '/address/listPage', '', '6', '1', '0', '0', '1', NULL, '2017-12-29 16:48:50', NULL);
INSERT INTO `db_cz_cms`.`system_menu` (`id`, `parent_id`, `sn`, `name`, `description`, `target_url`, `icon_url`, `show_index`, `type`, `method`, `status`, `creator`, `updator`, `create_date`, `update_date`) VALUES ('89', '88', '010105010601', '添加', '添加地址', '/address/addAddress', '', '1', '1', '1', '0', '1', NULL, '2017-12-29 16:51:55', NULL);
INSERT INTO `db_cz_cms`.`system_menu` (`id`, `parent_id`, `sn`, `name`, `description`, `target_url`, `icon_url`, `show_index`, `type`, `method`, `status`, `creator`, `updator`, `create_date`, `update_date`) VALUES ('90', '88', '010105010602', '编辑', '编辑地址', '/address/updateAddress', '', '2', '1', '1', '0', '1', NULL, '2017-12-29 16:53:44', NULL);
INSERT INTO `db_cz_cms`.`system_menu` (`id`, `parent_id`, `sn`, `name`, `description`, `target_url`, `icon_url`, `show_index`, `type`, `method`, `status`, `creator`, `updator`, `create_date`, `update_date`) VALUES ('91', '88', '010105010603', '删除', '删除地址', '/addresss/deleteAddressById', '', '3', '1', '1', '0', '1', NULL, '2017-12-29 16:55:23', NULL);
INSERT INTO `db_cz_cms`.`system_menu` (`id`, `parent_id`, `sn`, `name`, `description`, `target_url`, `icon_url`, `show_index`, `type`, `method`, `status`, `creator`, `updator`, `create_date`, `update_date`) VALUES ('92', '82', '0101050107', '联系人管理', '跳的联系人管理页面', '/contact/listPage', '', '7', '1', '0', '0', '1', '1', '2018-01-03 10:02:36', '2018-01-03 10:02:56');
INSERT INTO `db_cz_cms`.`system_menu` (`id`, `parent_id`, `sn`, `name`, `description`, `target_url`, `icon_url`, `show_index`, `type`, `method`, `status`, `creator`, `updator`, `create_date`, `update_date`) VALUES ('93', '92', '010105010701', '添加', '新增地址', '/contact/addContact', '', '1', '1', '1', '0', '1', NULL, '2018-01-03 10:05:08', NULL);
INSERT INTO `db_cz_cms`.`system_menu` (`id`, `parent_id`, `sn`, `name`, `description`, `target_url`, `icon_url`, `show_index`, `type`, `method`, `status`, `creator`, `updator`, `create_date`, `update_date`) VALUES ('94', '92', '010105010702', '编辑', '编辑地址', '/Contact/updateContact', '', '2', '1', '1', '0', '1', NULL, '2018-01-03 10:06:44', NULL);
INSERT INTO `db_cz_cms`.`system_menu` (`id`, `parent_id`, `sn`, `name`, `description`, `target_url`, `icon_url`, `show_index`, `type`, `method`, `status`, `creator`, `updator`, `create_date`, `update_date`) VALUES ('95', '92', '010105010703', '删除', '', '/contact/deleteContactById', '', '3', '1', '1', '0', '1', NULL, '2018-01-03 10:10:01', NULL);
INSERT INTO `db_cz_cms`.`system_menu` (`id`, `parent_id`, `sn`, `name`, `description`, `target_url`, `icon_url`, `show_index`, `type`, `method`, `status`, `creator`, `updator`, `create_date`, `update_date` ) VALUES ('96', '2', '010106', '机构管理', '对机构进行管理', '/hospital', '&#xe643;', '5', '0', '0', '0', '1', '1', '2018-01-03 14:11:49', '2018-01-03 14:13:24');
INSERT INTO `db_cz_cms`.`system_menu` (`id`, `parent_id`, `sn`, `name`, `description`, `target_url`, `icon_url`, `show_index`, `type`, `method`, `status`, `creator`, `updator`, `create_date`, `update_date`) VALUES ('97', '96', '01010601', '医院管理', '对应进行管理', '/hospital/listPage', '', '1', '0', '0', '0', '1', NULL, '2018-01-03 14:14:02', NULL);
INSERT INTO `db_cz_cms`.`system_menu` (`id`, `parent_id`, `sn`, `name`, `description`, `target_url`, `icon_url`, `show_index`, `type`, `method`, `status`, `creator`, `updator`, `create_date`, `update_date`) VALUES ('98', '97', '0101060101', '添加', '添加医院信息', '/hospital/addHospital', '', '1', '1', '1', '0', '1', NULL, '2018-01-04 10:47:07', NULL);
INSERT INTO `db_cz_cms`.`system_menu` (`id`, `parent_id`, `sn`, `name`, `description`, `target_url`, `icon_url`, `show_index`, `type`, `method`, `status`, `creator`, `updator`, `create_date`, `update_date`) VALUES ('99', '97', '0101060102', '编辑', '编辑医院信息', '/hospital/updateHospital', '', '2', '1', '1', '0', '1', NULL, '2018-01-04 10:52:40', NULL);
INSERT INTO `db_cz_cms`.`system_menu` (`id`, `parent_id`, `sn`, `name`, `description`, `target_url`, `icon_url`, `show_index`, `type`, `method`, `status`, `creator`, `updator`, `create_date`, `update_date`) VALUES ('100', '97', '0101060103', '删除', '删除医院信息', '/hospital/deleteHospitalById', '', '3', '0', '1', '0', '1', NULL, '2018-01-04 10:55:24', NULL);
INSERT INTO `db_cz_cms`.`system_menu` (`id`, `parent_id`, `sn`, `name`, `description`, `target_url`, `icon_url`, `show_index`, `type`, `method`, `status`, `creator`, `updator`, `create_date`, `update_date`) VALUES ('101', '97', '0101060104', '禁用', '禁用医院信息', '/hospital/disableHospitalById', '', '4', '0', '1', '0', '1', NULL, '2018-01-04 10:56:38', NULL);
INSERT INTO `db_cz_cms`.`system_menu` (`id`, `parent_id`, `sn`, `name`, `description`, `target_url`, `icon_url`, `show_index`, `type`, `method`, `status`, `creator`, `updator`, `create_date`, `update_date`) VALUES ('102', '97', '0101060105', '启用', '启用医院信息', '/hospital/EnableHospitalById', '', '5', '0', '1', '0', '1', NULL, '2018-01-04 10:57:59', NULL);
INSERT INTO `db_cz_cms`.`system_menu` (`id`, `parent_id`, `sn`, `name`, `description`, `target_url`, `icon_url`, `show_index`, `type`, `method`, `status`, `creator`, `updator`, `create_date`, `update_date`) VALUES ('103', '81', '01010502', '卡务信息', '卡务信息', '/card/listPage', '&#xe6b6', '2', '1', '1', '0', '1', NULL, NULL, NULL);
INSERT INTO `db_cz_cms`.`system_menu` (`id`, `parent_id`, `sn`, `name`, `description`, `target_url`, `icon_url`, `show_index`, `type`, `method`, `status`, `creator`, `updator`, `create_date`, `update_date`) VALUES ('104', '103', '0101050201', '卡务管理', '卡务管理', '/card/manageCard', '&#xe6b6', '1', '1', '1', '0', '1', NULL, NULL, NULL);
INSERT INTO `db_cz_cms`.`system_menu` (`id`, `parent_id`, `sn`, `name`, `description`, `target_url`, `icon_url`, `show_index`, `type`, `method`, `status`, `creator`, `updator`, `create_date`, `update_date`) VALUES ('105', '103', '0101050202', '卡务添加', '卡务添加', '/card/addCard', '&#xe6b6', '2', '1', '1', '0', '1', NULL, NULL, NULL);
INSERT INTO `db_cz_cms`.`system_menu` (`id`, `parent_id`, `sn`, `name`, `description`, `target_url`, `icon_url`, `show_index`, `type`, `method`, `status`, `creator`, `updator`, `create_date`, `update_date`) VALUES ('106', '103', '0101050203', '卡务修改', '卡务修改', '/card/updateCard', '&#xe6b6', '3', '1', '1', '0', '1', NULL, NULL, NULL);
INSERT INTO `db_cz_cms`.`system_menu` (`id`, `parent_id`, `sn`, `name`, `description`, `target_url`, `icon_url`, `show_index`, `type`, `method`, `status`, `creator`, `updator`, `create_date`, `update_date`) VALUES ('107', '103', '0101050204', '卡务删除', '卡务删除', '/card/deleteCardById', '&#xe6b6', '4', '1', '1', '0', '1', NULL, NULL, NULL);
INSERT INTO `db_cz_cms`.`system_menu` (`id`, `parent_id`, `sn`, `name`, `description`, `target_url`, `icon_url`, `show_index`, `type`, `method`, `status`, `creator`, `updator`, `create_date`, `update_date`) VALUES ('108', '2', '010107', '同步日志管理', '同步日志管理', '/log', '&#xe616;', '8', '0', '0', '0', '1', '1', '2018-01-04 16:20:31', '2018-01-08 10:30:14');
INSERT INTO `db_cz_cms`.`system_menu` (`id`, `parent_id`, `sn`, `name`, `description`, `target_url`, `icon_url`, `show_index`, `type`, `method`, `status`, `creator`, `updator`, `create_date`, `update_date`) VALUES ('109', '108', '01010701', '基本身份信息日志', '基本身份信息日志', '/personSyncLog/listPage', '', '1', '0', '0', '0', '1', NULL, '2018-01-04 16:25:02', NULL);
INSERT INTO `db_cz_cms`.`system_menu` (`id`, `parent_id`, `sn`, `name`, `description`, `target_url`, `icon_url`, `show_index`, `type`, `method`, `status`, `creator`, `updator`, `create_date`, `update_date`) VALUES ('110', '108', '01010702', '联系人信息日志', '联系人信息日志', '/contactSyncLog/listPage', '', '2', '0', '0', '0', '1', NULL, '2018-01-04 20:51:27', NULL);
INSERT INTO `db_cz_cms`.`system_menu` (`id`, `parent_id`, `sn`, `name`, `description`, `target_url`, `icon_url`, `show_index`, `type`, `method`, `status`, `creator`, `updator`, `create_date`, `update_date`) VALUES ('111', '108', '01010703', '地址信息日志', '', '/addressSyncLog/listPage', '', '3', '0', '0', '0', '1', NULL, '2018-01-05 09:47:59', NULL);
INSERT INTO `db_cz_cms`.`system_menu` (`id`, `parent_id`, `sn`, `name`, `description`, `target_url`, `icon_url`, `show_index`, `type`, `method`, `status`, `creator`, `updator`, `create_date`, `update_date`) VALUES ('112', '109', '0101070101', '同步', '同步基本身份信息日志', '/personSyncLog/syncLogPerson', '', '1', '1', '1', '0', '1', NULL, '2018-01-08 10:23:09', NULL);
INSERT INTO `db_cz_cms`.`system_menu` (`id`, `parent_id`, `sn`, `name`, `description`, `target_url`, `icon_url`, `show_index`, `type`, `method`, `status`, `creator`, `updator`, `create_date`, `update_date`) VALUES ('113', '110', '0101070201', '同步', '同步联系人信息日志', '/contactSyncLog/syncLogContact', '', '1', '1', '1', '0', '1', NULL, '2018-01-08 10:25:45', NULL);
INSERT INTO `db_cz_cms`.`system_menu` (`id`, `parent_id`, `sn`, `name`, `description`, `target_url`, `icon_url`, `show_index`, `type`, `method`, `status`, `creator`, `updator`, `create_date`, `update_date`) VALUES ('114', '111', '0101070301', '同步', '同步地址信息日志', '/addressSyncLog/syncLogAddress', '', '1', '1', '1', '0', '1', NULL, '2018-01-08 10:27:28', NULL);
INSERT INTO `db_cz_cms`.`system_menu` (`id`, `parent_id`, `sn`, `name`, `description`, `target_url`, `icon_url`, `show_index`, `type`, `method`, `status`, `creator`, `updator`, `create_date`, `update_date`) VALUES ('115', '108', '01010704', '证件信息日志', '证件信息日志', '/certificateSyncLog/listPage', NULL, '4', '1', '1', '0', '1', NULL, '2018-01-09 09:59:42', NULL);
INSERT INTO `db_cz_cms`.`system_menu` (`id`, `parent_id`, `sn`, `name`, `description`, `target_url`, `icon_url`, `show_index`, `type`, `method`, `status`, `creator`, `updator`, `create_date`, `update_date`) VALUES ('116', '108', '01010705', '卡信息日志', '卡信息日志', '/cardSyncLog/listPage', NULL, '5', '1', '1', '0', '1', NULL, NULL, NULL);
INSERT INTO `db_cz_cms`.`system_menu` (`id`, `parent_id`, `sn`, `name`, `description`, `target_url`, `icon_url`, `show_index`, `type`, `method`, `status`, `creator`, `updator`, `create_date`, `update_date`) VALUES ('117', '108', '01010706', '联系方式日志', '联系方式日志', '/contactWaySyncLog/listPage', NULL, '6', '1', '1', '0', '1', NULL, NULL, NULL);
INSERT INTO `db_cz_cms`.`system_menu` (`id`, `parent_id`, `sn`, `name`, `description`, `target_url`, `icon_url`, `show_index`, `type`, `method`, `status`, `creator`, `updator`, `create_date`, `update_date`) VALUES ('118', '115', '0101070401', '证件信息同步', '证件信息同步', '/certificateSyncLog/updateSyncStatus', NULL, '1', '1', '1', '0', '1', NULL, '2018-01-08 16:09:25', NULL);
INSERT INTO `db_cz_cms`.`system_menu` (`id`, `parent_id`, `sn`, `name`, `description`, `target_url`, `icon_url`, `show_index`, `type`, `method`, `status`, `creator`, `updator`, `create_date`, `update_date`) VALUES ('119', '116', '0101100501', '卡信息同步', '卡信息同步', '/cardSyncLog/updateSyncStatus', NULL, '1', '1', '1', '0', '1', NULL, '2018-01-14 15:56:42', NULL);
INSERT INTO `db_cz_cms`.`system_menu` (`id`, `parent_id`, `sn`, `name`, `description`, `target_url`, `icon_url`, `show_index`, `type`, `method`, `status`, `creator`, `updator`, `create_date`, `update_date`) VALUES ('120', '117', '0101070601', '联系方式同步', '联系方式同步', '/contactWaySyncLog/updateSyncStatus', NULL, '1', '1', '1', '0', '1', NULL, '2018-01-15 16:30:06', NULL);
INSERT INTO `db_cz_cms`.`system_menu` (`id`, `parent_id`, `sn`, `name`, `description`, `target_url`, `icon_url`, `show_index`, `type`, `method`, `status`, `creator`, `updator`, `create_date`, `update_date`) VALUES ('121', '82', '0101050108', '证件管理', '证件管理', '/certificate/QueryPersonCertificate', NULL, '8', '1', '1', '0', '1', NULL, '2018-02-07 19:32:37', NULL);
INSERT INTO `db_cz_cms`.`system_menu` (`id`, `parent_id`, `sn`, `name`, `description`, `target_url`, `icon_url`, `show_index`, `type`, `method`, `status`, `creator`, `updator`, `create_date`, `update_date`) VALUES ('122', '121', '010105010801', '证件增加', '证件增加', '/certificate/QueryPersonCertificate', NULL, '1', '1', '1', '0', '1', NULL, '2018-02-07 19:32:37', NULL);
INSERT INTO `db_cz_cms`.`system_menu` (`id`, `parent_id`, `sn`, `name`, `description`, `target_url`, `icon_url`, `show_index`, `type`, `method`, `status`, `creator`, `updator`, `create_date`, `update_date`) VALUES ('123', '121', '010105010802', '证件编辑', '证件编辑', '/certificate/QueryPersonCertificate', NULL, '2', '1', '1', '0', '1', NULL, '2018-02-07 19:32:37', NULL);
INSERT INTO `db_cz_cms`.`system_menu` (`id`, `parent_id`, `sn`, `name`, `description`, `target_url`, `icon_url`, `show_index`, `type`, `method`, `status`, `creator`, `updator`, `create_date`, `update_date`) VALUES ('124', '121', '010105010803', '证件删除', '证件删除', '/certificate/QueryPersonCertificate', NULL, '3', '1', '1', '0', '1', NULL, '2018-02-07 19:32:37', NULL);
INSERT INTO `db_cz_cms`.`system_menu` (`id`, `parent_id`, `sn`, `name`, `description`, `target_url`, `icon_url`, `show_index`, `type`, `method`, `status`, `creator`, `updator`, `create_date`, `update_date`) VALUES ('125', '82', '0101050109', '联系方式', '联系方式', '/contactWay/QueryPersonContactWay', NULL, '9', '1', '1', '0', '1', NULL, '2018-01-10 10:10:13', NULL);
INSERT INTO `db_cz_cms`.`system_menu` (`id`, `parent_id`, `sn`, `name`, `description`, `target_url`, `icon_url`, `show_index`, `type`, `method`, `status`, `creator`, `updator`, `create_date`, `update_date`) VALUES ('126', '125', '010105010901', '联系方式添加', '联系方式添加', '/contactWay/addContactWay', NULL, '1', '1', '1', '0', '1', NULL, '2018-01-15 14:06:26', NULL);
INSERT INTO `db_cz_cms`.`system_menu` (`id`, `parent_id`, `sn`, `name`, `description`, `target_url`, `icon_url`, `show_index`, `type`, `method`, `status`, `creator`, `updator`, `create_date`, `update_date`) VALUES ('127', '125', '010105010902', '联系方式修改', '联系方式修改', '/contactWay/updateContactWay', NULL, '2', '1', '1', '0', '1', NULL, '2018-01-15 14:06:29', NULL);
INSERT INTO `db_cz_cms`.`system_menu` (`id`, `parent_id`, `sn`, `name`, `description`, `target_url`, `icon_url`, `show_index`, `type`, `method`, `status`, `creator`, `updator`, `create_date`, `update_date`) VALUES ('128', '125', '010105010903', '联系方式删除', '联系方式删除', '/contactWay/deleteContactWayById', NULL, '3', '1', '1', '0', '1', NULL, '2018-01-16 14:06:33', NULL);



INSERT INTO `db_cz_cms`.`role_menu` (`role_id`, `system_menu_id`) VALUES ('1', '74');
INSERT INTO `db_cz_cms`.`role_menu` (`role_id`, `system_menu_id`) VALUES ('1', '75');
INSERT INTO `db_cz_cms`.`role_menu` (`role_id`, `system_menu_id`) VALUES ('1', '76');
INSERT INTO `db_cz_cms`.`role_menu` (`role_id`, `system_menu_id`) VALUES ('1', '77');
INSERT INTO `db_cz_cms`.`role_menu` (`role_id`, `system_menu_id`) VALUES ('1', '78');
INSERT INTO `db_cz_cms`.`role_menu` (`role_id`, `system_menu_id`) VALUES ('1', '79');
INSERT INTO `db_cz_cms`.`role_menu` (`role_id`, `system_menu_id`) VALUES ('1', '80');
INSERT INTO `db_cz_cms`.`role_menu` (`role_id`, `system_menu_id`) VALUES ('1', '81');
INSERT INTO `db_cz_cms`.`role_menu` (`role_id`, `system_menu_id`) VALUES ('1', '82');
INSERT INTO `db_cz_cms`.`role_menu` (`role_id`, `system_menu_id`) VALUES ('1', '83');
INSERT INTO `db_cz_cms`.`role_menu` (`role_id`, `system_menu_id`) VALUES ('1', '84');
INSERT INTO `db_cz_cms`.`role_menu` (`role_id`, `system_menu_id`) VALUES ('1', '85');
INSERT INTO `db_cz_cms`.`role_menu` (`role_id`, `system_menu_id`) VALUES ('1', '86');
INSERT INTO `db_cz_cms`.`role_menu` (`role_id`, `system_menu_id`) VALUES ('1', '87');
INSERT INTO `db_cz_cms`.`role_menu` (`role_id`, `system_menu_id`) VALUES ('1', '88');
INSERT INTO `db_cz_cms`.`role_menu` (`role_id`, `system_menu_id`) VALUES ('1', '89');
INSERT INTO `db_cz_cms`.`role_menu` (`role_id`, `system_menu_id`) VALUES ('1', '90');
INSERT INTO `db_cz_cms`.`role_menu` (`role_id`, `system_menu_id`) VALUES ('1', '91');
INSERT INTO `db_cz_cms`.`role_menu` (`role_id`, `system_menu_id`) VALUES ('1', '92');
INSERT INTO `db_cz_cms`.`role_menu` (`role_id`, `system_menu_id`) VALUES ('1', '93');
INSERT INTO `db_cz_cms`.`role_menu` (`role_id`, `system_menu_id`) VALUES ('1', '94');
INSERT INTO `db_cz_cms`.`role_menu` (`role_id`, `system_menu_id`) VALUES ('1', '95');
INSERT INTO `db_cz_cms`.`role_menu` (`role_id`, `system_menu_id`) VALUES ('1', '96');
INSERT INTO `db_cz_cms`.`role_menu` (`role_id`, `system_menu_id`) VALUES ('1', '97');
INSERT INTO `db_cz_cms`.`role_menu` (`role_id`, `system_menu_id`) VALUES ('1', '98');
INSERT INTO `db_cz_cms`.`role_menu` (`role_id`, `system_menu_id`) VALUES ('1', '99');
INSERT INTO `db_cz_cms`.`role_menu` (`role_id`, `system_menu_id`) VALUES ('1', '100');
INSERT INTO `db_cz_cms`.`role_menu` (`role_id`, `system_menu_id`) VALUES ('1', '101');
INSERT INTO `db_cz_cms`.`role_menu` (`role_id`, `system_menu_id`) VALUES ('1', '102');
INSERT INTO `db_cz_cms`.`role_menu` (`role_id`, `system_menu_id`) VALUES ('1', '103');
INSERT INTO `db_cz_cms`.`role_menu` (`role_id`, `system_menu_id`) VALUES ('1', '104');
INSERT INTO `db_cz_cms`.`role_menu` (`role_id`, `system_menu_id`) VALUES ('1', '105');
INSERT INTO `db_cz_cms`.`role_menu` (`role_id`, `system_menu_id`) VALUES ('1', '106');
INSERT INTO `db_cz_cms`.`role_menu` (`role_id`, `system_menu_id`) VALUES ('1', '107');
INSERT INTO `db_cz_cms`.`role_menu` (`role_id`, `system_menu_id`) VALUES ('1', '108');
INSERT INTO `db_cz_cms`.`role_menu` (`role_id`, `system_menu_id`) VALUES ('1', '109');
INSERT INTO `db_cz_cms`.`role_menu` (`role_id`, `system_menu_id`) VALUES ('1', '110');
INSERT INTO `db_cz_cms`.`role_menu` (`role_id`, `system_menu_id`) VALUES ('1', '111');
INSERT INTO `db_cz_cms`.`role_menu` (`role_id`, `system_menu_id`) VALUES ('1', '112');
INSERT INTO `db_cz_cms`.`role_menu` (`role_id`, `system_menu_id`) VALUES ('1', '113');
INSERT INTO `db_cz_cms`.`role_menu` (`role_id`, `system_menu_id`) VALUES ('1', '114');
INSERT INTO `db_cz_cms`.`role_menu` (`role_id`, `system_menu_id`) VALUES ('1', '115');
INSERT INTO `db_cz_cms`.`role_menu` (`role_id`, `system_menu_id`) VALUES ('1', '116');
INSERT INTO `db_cz_cms`.`role_menu` (`role_id`, `system_menu_id`) VALUES ('1', '117');
INSERT INTO `db_cz_cms`.`role_menu` (`role_id`, `system_menu_id`) VALUES ('1', '118');
INSERT INTO `db_cz_cms`.`role_menu` (`role_id`, `system_menu_id`) VALUES ('1', '119');
INSERT INTO `db_cz_cms`.`role_menu` (`role_id`, `system_menu_id`) VALUES ('1', '120');
INSERT INTO `db_cz_cms`.`role_menu` (`role_id`, `system_menu_id`) VALUES ('1', '121');
INSERT INTO `db_cz_cms`.`role_menu` (`role_id`, `system_menu_id`) VALUES ('1', '122');
INSERT INTO `db_cz_cms`.`role_menu` (`role_id`, `system_menu_id`) VALUES ('1', '123');
INSERT INTO `db_cz_cms`.`role_menu` (`role_id`, `system_menu_id`) VALUES ('1', '124');
INSERT INTO `db_cz_cms`.`role_menu` (`role_id`, `system_menu_id`) VALUES ('1', '125');
INSERT INTO `db_cz_cms`.`role_menu` (`role_id`, `system_menu_id`) VALUES ('1', '126');
INSERT INTO `db_cz_cms`.`role_menu` (`role_id`, `system_menu_id`) VALUES ('1', '127');
INSERT INTO `db_cz_cms`.`role_menu` (`role_id`, `system_menu_id`) VALUES ('1', '128');



INSERT INTO `db_cz_cms`.`dictionary` (`id`, `parentid`, `name`, `dictkey`, `value`, `description`, `status`, `isdefault`, `showindex`) VALUES ('185', '1', '性别', 'indexSex', '性别', '主索引性别', '1', '0', '23');
INSERT INTO `db_cz_cms`.`dictionary` (`id`, `parentid`, `name`, `dictkey`, `value`, `description`, `status`, `isdefault`, `showindex`) VALUES ('186', '185', '男性', 'indexSex_0', '男性', '1', '1', '0', '2');
INSERT INTO `db_cz_cms`.`dictionary` (`id`, `parentid`, `name`, `dictkey`, `value`, `description`, `status`, `isdefault`, `showindex`) VALUES ('187', '185', '女性', 'indexSex_1', '女性', '2', '1', '0', '3');
INSERT INTO `db_cz_cms`.`dictionary` (`id`, `parentid`, `name`, `dictkey`, `value`, `description`, `status`, `isdefault`, `showindex`) VALUES ('205', '1', '身份状态', 'indexIdentityStatus', '身份状态', '主索引身份状态', '1', '0', '26');
INSERT INTO `db_cz_cms`.`dictionary` (`id`, `parentid`, `name`, `dictkey`, `value`, `description`, `status`, `isdefault`, `showindex`) VALUES ('206', '205', '正常', 'indexIdentityStatus_0', '正常', '0', '1', '0', '1');
INSERT INTO `db_cz_cms`.`dictionary` (`id`, `parentid`, `name`, `dictkey`, `value`, `description`, `status`, `isdefault`, `showindex`) VALUES ('207', '205', '注销', 'indexIdentityStatus_1', '注销', '1', '1', '0', '1');
INSERT INTO `db_cz_cms`.`dictionary` (`id`, `parentid`, `name`, `dictkey`, `value`, `description`, `status`, `isdefault`, `showindex`) VALUES ('208', '1', '婚姻状况', 'indexMaritalStatus', '婚姻状况', '主索引婚姻状况', '1', '0', '27');
INSERT INTO `db_cz_cms`.`dictionary` (`id`, `parentid`, `name`, `dictkey`, `value`, `description`, `status`, `isdefault`, `showindex`) VALUES ('209', '208', '未婚', 'indexMaritalStatus_0', '未婚', '10', '1', '0', '1');
INSERT INTO `db_cz_cms`.`dictionary` (`id`, `parentid`, `name`, `dictkey`, `value`, `description`, `status`, `isdefault`, `showindex`) VALUES ('210', '208', '已婚', 'indexMaritalStatus_1', '已婚', '20', '1', '0', '2');
INSERT INTO `db_cz_cms`.`dictionary` (`id`, `parentid`, `name`, `dictkey`, `value`, `description`, `status`, `isdefault`, `showindex`) VALUES ('211', '208', '初婚', 'indexMaritalStatus_2', '初婚', '21', '1', '0', '3');
INSERT INTO `db_cz_cms`.`dictionary` (`id`, `parentid`, `name`, `dictkey`, `value`, `description`, `status`, `isdefault`, `showindex`) VALUES ('212', '185', '未知的性别', 'indexSex_2', '未知的性别', '0', '1', '0', '1');
INSERT INTO `db_cz_cms`.`dictionary` (`id`, `parentid`, `name`, `dictkey`, `value`, `description`, `status`, `isdefault`, `showindex`) VALUES ('213', '185', '未说明的性别', 'indexSex_3', '未说明的性别', '9', '1', '0', '4');
INSERT INTO `db_cz_cms`.`dictionary` (`id`, `parentid`, `name`, `dictkey`, `value`, `description`, `status`, `isdefault`, `showindex`) VALUES ('214', '1', '血型', 'indexBloodTypeCode', '血型', '主索引血型', '1', '0', '28');
INSERT INTO `db_cz_cms`.`dictionary` (`id`, `parentid`, `name`, `dictkey`, `value`, `description`, `status`, `isdefault`, `showindex`) VALUES ('215', '214', 'A型', 'indexBloodTypeCode_0', 'A型', '1', '1', '0', '1');
INSERT INTO `db_cz_cms`.`dictionary` (`id`, `parentid`, `name`, `dictkey`, `value`, `description`, `status`, `isdefault`, `showindex`) VALUES ('216', '214', 'B型', 'indexBloodTypeCode_1', 'B型', '2', '1', '0', '2');
INSERT INTO `db_cz_cms`.`dictionary` (`id`, `parentid`, `name`, `dictkey`, `value`, `description`, `status`, `isdefault`, `showindex`) VALUES ('217', '214', 'O型', 'indexBloodTypeCode_2', 'O型', '3', '1', '0', '3');
INSERT INTO `db_cz_cms`.`dictionary` (`id`, `parentid`, `name`, `dictkey`, `value`, `description`, `status`, `isdefault`, `showindex`) VALUES ('218', '214', 'AB型', 'indexBloodTypeCode_3', 'AB型', '4', '1', '0', '4');
INSERT INTO `db_cz_cms`.`dictionary` (`id`, `parentid`, `name`, `dictkey`, `value`, `description`, `status`, `isdefault`, `showindex`) VALUES ('219', '214', '不详', 'indexBloodTypeCode_4', '不详', '5', '1', '0', '5');
INSERT INTO `db_cz_cms`.`dictionary` (`id`, `parentid`, `name`, `dictkey`, `value`, `description`, `status`, `isdefault`, `showindex`) VALUES ('220', '1', '文化程度', 'indexEducationCode', '文化程度', '主索引文化程度', '1', '0', '29');
INSERT INTO `db_cz_cms`.`dictionary` (`id`, `parentid`, `name`, `dictkey`, `value`, `description`, `status`, `isdefault`, `showindex`) VALUES ('221', '220', '研究生教育', 'indexEducationCode_0', '研究生教育', '10', '1', '0', '1');
INSERT INTO `db_cz_cms`.`dictionary` (`id`, `parentid`, `name`, `dictkey`, `value`, `description`, `status`, `isdefault`, `showindex`) VALUES ('222', '220', '博士研究生毕业', 'indexEducationCode_1', '博士研究生毕业', '11', '1', '0', '2');
INSERT INTO `db_cz_cms`.`dictionary` (`id`, `parentid`, `name`, `dictkey`, `value`, `description`, `status`, `isdefault`, `showindex`) VALUES ('223', '220', '博士研究生结业', 'indexEducationCode_2', '博士研究生结业', '12', '1', '0', '3');
INSERT INTO `db_cz_cms`.`dictionary` (`id`, `parentid`, `name`, `dictkey`, `value`, `description`, `status`, `isdefault`, `showindex`) VALUES ('224', '220', '博士研究生肄业', 'indexEducationCode_3', '博士研究生肄业', '13', '1', '0', '4');
INSERT INTO `db_cz_cms`.`dictionary` (`id`, `parentid`, `name`, `dictkey`, `value`, `description`, `status`, `isdefault`, `showindex`) VALUES ('225', '220', '硕士研究生毕业', 'indexEducationCode_4', '硕士研究生毕业', '14', '1', '0', '5');
INSERT INTO `db_cz_cms`.`dictionary` (`id`, `parentid`, `name`, `dictkey`, `value`, `description`, `status`, `isdefault`, `showindex`) VALUES ('226', '220', '硕士研究生结业', 'indexEducationCode_5', '硕士研究生结业', '15', '1', '0', '6');
INSERT INTO `db_cz_cms`.`dictionary` (`id`, `parentid`, `name`, `dictkey`, `value`, `description`, `status`, `isdefault`, `showindex`) VALUES ('227', '220', '硕士研究生肄业', 'indexEducationCode_6', '硕士研究生肄业', '16', '1', '0', '7');
INSERT INTO `db_cz_cms`.`dictionary` (`id`, `parentid`, `name`, `dictkey`, `value`, `description`, `status`, `isdefault`, `showindex`) VALUES ('228', '220', '研究生班毕业', 'indexEducationCode_7', '研究生班毕业', '17', '1', '0', '8');
INSERT INTO `db_cz_cms`.`dictionary` (`id`, `parentid`, `name`, `dictkey`, `value`, `description`, `status`, `isdefault`, `showindex`) VALUES ('229', '220', '研究生班结业', 'indexEducationCode_8', '研究生班结业', '18', '1', '0', '9');
INSERT INTO `db_cz_cms`.`dictionary` (`id`, `parentid`, `name`, `dictkey`, `value`, `description`, `status`, `isdefault`, `showindex`) VALUES ('230', '220', '研究生班肄业', 'indexEducationCode_9', '研究生班肄业', '19', '1', '0', '10');
INSERT INTO `db_cz_cms`.`dictionary` (`id`, `parentid`, `name`, `dictkey`, `value`, `description`, `status`, `isdefault`, `showindex`) VALUES ('231', '220', '大学本科', 'indexEducationCode_10', '大学本科', '20', '1', '0', '11');
INSERT INTO `db_cz_cms`.`dictionary` (`id`, `parentid`, `name`, `dictkey`, `value`, `description`, `status`, `isdefault`, `showindex`) VALUES ('232', '220', '大学本科毕业', 'indexEducationCode_11', '大学本科毕业', '21', '1', '0', '12');
INSERT INTO `db_cz_cms`.`dictionary` (`id`, `parentid`, `name`, `dictkey`, `value`, `description`, `status`, `isdefault`, `showindex`) VALUES ('233', '220', '大学本科结业', 'indexEducationCode_12', '大学本科结业', '22', '1', '0', '13');
INSERT INTO `db_cz_cms`.`dictionary` (`id`, `parentid`, `name`, `dictkey`, `value`, `description`, `status`, `isdefault`, `showindex`) VALUES ('234', '220', '大学本科肄业', 'indexEducationCode_13', '大学本科肄业', '23', '1', '0', '14');
INSERT INTO `db_cz_cms`.`dictionary` (`id`, `parentid`, `name`, `dictkey`, `value`, `description`, `status`, `isdefault`, `showindex`) VALUES ('235', '220', '大学普通班毕业', 'indexEducationCode_14', '大学普通班毕业', '28', '1', '0', '15');
INSERT INTO `db_cz_cms`.`dictionary` (`id`, `parentid`, `name`, `dictkey`, `value`, `description`, `status`, `isdefault`, `showindex`) VALUES ('236', '220', '专科教育', 'indexEducationCode_15', '专科教育', '30', '1', '0', '16');
INSERT INTO `db_cz_cms`.`dictionary` (`id`, `parentid`, `name`, `dictkey`, `value`, `description`, `status`, `isdefault`, `showindex`) VALUES ('237', '220', '大学专科毕业', 'indexEducationCode_16', '大学专科毕业', '31', '1', '0', '17');
INSERT INTO `db_cz_cms`.`dictionary` (`id`, `parentid`, `name`, `dictkey`, `value`, `description`, `status`, `isdefault`, `showindex`) VALUES ('238', '220', '大学专科结业', 'indexEducationCode_17', '大学专科结业', '32', '1', '0', '18');
INSERT INTO `db_cz_cms`.`dictionary` (`id`, `parentid`, `name`, `dictkey`, `value`, `description`, `status`, `isdefault`, `showindex`) VALUES ('239', '220', '大学专科肄业', 'indexEducationCode_18', '大学专科肄业', '33', '1', '0', '19');
INSERT INTO `db_cz_cms`.`dictionary` (`id`, `parentid`, `name`, `dictkey`, `value`, `description`, `status`, `isdefault`, `showindex`) VALUES ('240', '220', '中等职业教育', 'indexEducationCode_19', '中等职业教育', '40', '1', '0', '20');
INSERT INTO `db_cz_cms`.`dictionary` (`id`, `parentid`, `name`, `dictkey`, `value`, `description`, `status`, `isdefault`, `showindex`) VALUES ('241', '220', '中等专科毕业', 'indexEducationCode_20', '中等专科毕业', '41', '1', '0', '21');
INSERT INTO `db_cz_cms`.`dictionary` (`id`, `parentid`, `name`, `dictkey`, `value`, `description`, `status`, `isdefault`, `showindex`) VALUES ('242', '220', '中等专科结业', 'indexEducationCode_21', '中等专科结业', '42', '1', '0', '22');
INSERT INTO `db_cz_cms`.`dictionary` (`id`, `parentid`, `name`, `dictkey`, `value`, `description`, `status`, `isdefault`, `showindex`) VALUES ('243', '220', '中等专科肄业', 'indexEducationCode_22', '中等专科肄业', '43', '1', '0', '23');
INSERT INTO `db_cz_cms`.`dictionary` (`id`, `parentid`, `name`, `dictkey`, `value`, `description`, `status`, `isdefault`, `showindex`) VALUES ('244', '220', '职业高中毕业', 'indexEducationCode_23', '职业高中毕业', '44', '1', '0', '24');
INSERT INTO `db_cz_cms`.`dictionary` (`id`, `parentid`, `name`, `dictkey`, `value`, `description`, `status`, `isdefault`, `showindex`) VALUES ('245', '220', '职业高中结业', 'indexEducationCode_24', '职业高中结业', '45', '1', '0', '25');
INSERT INTO `db_cz_cms`.`dictionary` (`id`, `parentid`, `name`, `dictkey`, `value`, `description`, `status`, `isdefault`, `showindex`) VALUES ('246', '220', '职业高中肄业', 'indexEducationCode_25', '职业高中肄业', '46', '1', '0', '26');
INSERT INTO `db_cz_cms`.`dictionary` (`id`, `parentid`, `name`, `dictkey`, `value`, `description`, `status`, `isdefault`, `showindex`) VALUES ('247', '220', '技工学校毕业', 'indexEducationCode_26', '技工学校毕业', '47', '1', '0', '27');
INSERT INTO `db_cz_cms`.`dictionary` (`id`, `parentid`, `name`, `dictkey`, `value`, `description`, `status`, `isdefault`, `showindex`) VALUES ('248', '220', '技工学校结业', 'indexEducationCode_27', '技工学校结业', '48', '1', '0', '28');
INSERT INTO `db_cz_cms`.`dictionary` (`id`, `parentid`, `name`, `dictkey`, `value`, `description`, `status`, `isdefault`, `showindex`) VALUES ('249', '220', '技工学校肄业', 'indexEducationCode_28', '技工学校肄业', '49', '1', '0', '29');
INSERT INTO `db_cz_cms`.`dictionary` (`id`, `parentid`, `name`, `dictkey`, `value`, `description`, `status`, `isdefault`, `showindex`) VALUES ('250', '220', '普通高级中学教育', 'indexEducationCode_29', '普通高级中学教育', '60', '1', '0', '30');
INSERT INTO `db_cz_cms`.`dictionary` (`id`, `parentid`, `name`, `dictkey`, `value`, `description`, `status`, `isdefault`, `showindex`) VALUES ('251', '220', '普通高中毕业', 'indexEducationCode_30', '普通高中毕业', '61', '1', '0', '31');
INSERT INTO `db_cz_cms`.`dictionary` (`id`, `parentid`, `name`, `dictkey`, `value`, `description`, `status`, `isdefault`, `showindex`) VALUES ('252', '220', '普通高中结业', 'indexEducationCode_31', '普通高中结业', '62', '1', '0', '32');
INSERT INTO `db_cz_cms`.`dictionary` (`id`, `parentid`, `name`, `dictkey`, `value`, `description`, `status`, `isdefault`, `showindex`) VALUES ('253', '220', '普通高中肄业', 'indexEducationCode_32', '普通高中肄业', '63', '1', '0', '33');
INSERT INTO `db_cz_cms`.`dictionary` (`id`, `parentid`, `name`, `dictkey`, `value`, `description`, `status`, `isdefault`, `showindex`) VALUES ('254', '220', '初级中学教育', 'indexEducationCode_33', '初级中学教育', '70', '1', '0', '34');
INSERT INTO `db_cz_cms`.`dictionary` (`id`, `parentid`, `name`, `dictkey`, `value`, `description`, `status`, `isdefault`, `showindex`) VALUES ('255', '220', '初中毕业', 'indexEducationCode_34', '初中毕业', '71', '1', '0', '35');
INSERT INTO `db_cz_cms`.`dictionary` (`id`, `parentid`, `name`, `dictkey`, `value`, `description`, `status`, `isdefault`, `showindex`) VALUES ('256', '220', '初中肄业', 'indexEducationCode_35', '初中肄业', '73', '1', '0', '36');
INSERT INTO `db_cz_cms`.`dictionary` (`id`, `parentid`, `name`, `dictkey`, `value`, `description`, `status`, `isdefault`, `showindex`) VALUES ('257', '220', '小学教育', 'indexEducationCode_36', '小学教育', '80', '1', '0', '37');
INSERT INTO `db_cz_cms`.`dictionary` (`id`, `parentid`, `name`, `dictkey`, `value`, `description`, `status`, `isdefault`, `showindex`) VALUES ('258', '220', '小学毕业', 'indexEducationCode_37', '小学毕业', '81', '1', '0', '38');
INSERT INTO `db_cz_cms`.`dictionary` (`id`, `parentid`, `name`, `dictkey`, `value`, `description`, `status`, `isdefault`, `showindex`) VALUES ('259', '220', '小学肄业', 'indexEducationCode_38', '小学肄业', '83', '1', '0', '39');
INSERT INTO `db_cz_cms`.`dictionary` (`id`, `parentid`, `name`, `dictkey`, `value`, `description`, `status`, `isdefault`, `showindex`) VALUES ('260', '220', '其他', 'indexEducationCode_39', '其他', '90', '1', '0', '40');
INSERT INTO `db_cz_cms`.`dictionary` (`id`, `parentid`, `name`, `dictkey`, `value`, `description`, `status`, `isdefault`, `showindex`) VALUES ('261', '1', 'RH血型', 'indexRhBloodCode', 'RH血型', 'RH血型', '1', '0', '30');
INSERT INTO `db_cz_cms`.`dictionary` (`id`, `parentid`, `name`, `dictkey`, `value`, `description`, `status`, `isdefault`, `showindex`) VALUES ('262', '261', 'RH阳性', 'indexRhBloodCode_0', 'RH阳性', '1', '1', '0', '1');
INSERT INTO `db_cz_cms`.`dictionary` (`id`, `parentid`, `name`, `dictkey`, `value`, `description`, `status`, `isdefault`, `showindex`) VALUES ('263', '261', 'RH阴性', 'indexRhBloodCode_1', 'RH阴性', '2', '1', '0', '2');
INSERT INTO `db_cz_cms`.`dictionary` (`id`, `parentid`, `name`, `dictkey`, `value`, `description`, `status`, `isdefault`, `showindex`) VALUES ('264', '261', '不详', 'indexRhBloodCode_2', '不详', '3', '1', '0', '3');
INSERT INTO `db_cz_cms`.`dictionary` (`id`, `parentid`, `name`, `dictkey`, `value`, `description`, `status`, `isdefault`, `showindex`) VALUES ('265', '208', '再婚', 'indexMaritalStatus_3', '再婚', '22', '1', '0', '4');
INSERT INTO `db_cz_cms`.`dictionary` (`id`, `parentid`, `name`, `dictkey`, `value`, `description`, `status`, `isdefault`, `showindex`) VALUES ('266', '208', '复婚', 'indexMaritalStatus_4', '复婚', '23', '1', '0', '5');
INSERT INTO `db_cz_cms`.`dictionary` (`id`, `parentid`, `name`, `dictkey`, `value`, `description`, `status`, `isdefault`, `showindex`) VALUES ('267', '208', '离婚', 'indexMaritalStatus_5', '离婚', '30', '1', '0', '6');
INSERT INTO `db_cz_cms`.`dictionary` (`id`, `parentid`, `name`, `dictkey`, `value`, `description`, `status`, `isdefault`, `showindex`) VALUES ('268', '208', '丧偶', 'indexMaritalStatus_6', '丧偶', '40', '1', '0', '7');
INSERT INTO `db_cz_cms`.`dictionary` (`id`, `parentid`, `name`, `dictkey`, `value`, `description`, `status`, `isdefault`, `showindex`) VALUES ('269', '208', '未说明的婚姻状况', 'indexMaritalStatus_7', '未说明的婚姻状况', '90', '1', '0', '8');
INSERT INTO `db_cz_cms`.`dictionary` (`id`, `parentid`, `name`, `dictkey`, `value`, `description`, `status`, `isdefault`, `showindex`) VALUES ('270', '1', '国籍', 'indexNationalityCode', '国籍', '国籍', '1', '0', '31');
INSERT INTO `db_cz_cms`.`dictionary` (`id`, `parentid`, `name`, `dictkey`, `value`, `description`, `status`, `isdefault`, `showindex`) VALUES ('271', '270', '中国', 'indexNationalityCode_0', '中国', 'CN', '1', '0', '1');
INSERT INTO `db_cz_cms`.`dictionary` (`id`, `parentid`, `name`, `dictkey`, `value`, `description`, `status`, `isdefault`, `showindex`) VALUES ('272', '1', '户籍标志', 'indexRegisteredPermanent', '户籍标志', '户籍标志', '1', '0', '32');
INSERT INTO `db_cz_cms`.`dictionary` (`id`, `parentid`, `name`, `dictkey`, `value`, `description`, `status`, `isdefault`, `showindex`) VALUES ('273', '272', '户籍', 'indexRegisteredPermanent_0', '户籍', '1', '1', '0', '1');
INSERT INTO `db_cz_cms`.`dictionary` (`id`, `parentid`, `name`, `dictkey`, `value`, `description`, `status`, `isdefault`, `showindex`) VALUES ('274', '272', '非户籍', '死亡标记', '非户籍', '2', '1', '0', '2');
INSERT INTO `db_cz_cms`.`dictionary` (`id`, `parentid`, `name`, `dictkey`, `value`, `description`, `status`, `isdefault`, `showindex`) VALUES ('275', '1', '保险类别', 'indexInsuranceType', '保险类别', '保险类别', '1', '0', '33');
INSERT INTO `db_cz_cms`.`dictionary` (`id`, `parentid`, `name`, `dictkey`, `value`, `description`, `status`, `isdefault`, `showindex`) VALUES ('276', '275', '离休医保险种', 'indexInsuranceType_0', '离休医保险种', '1', '1', '0', '1');
INSERT INTO `db_cz_cms`.`dictionary` (`id`, `parentid`, `name`, `dictkey`, `value`, `description`, `status`, `isdefault`, `showindex`) VALUES ('277', '275', '子女统筹医保险种', 'indexInsuranceType_1', '子女统筹医保险种', '2', '1', '0', '2');
INSERT INTO `db_cz_cms`.`dictionary` (`id`, `parentid`, `name`, `dictkey`, `value`, `description`, `status`, `isdefault`, `showindex`) VALUES ('278', '275', '老居民医保险种', 'indexInsuranceType_2', '老居民医保险种', '3', '1', '0', '3');
INSERT INTO `db_cz_cms`.`dictionary` (`id`, `parentid`, `name`, `dictkey`, `value`, `description`, `status`, `isdefault`, `showindex`) VALUES ('279', '275', '大学生医保险种', 'indexInsuranceType_3', '大学生医保险种', '4', '1', '0', '4');
INSERT INTO `db_cz_cms`.`dictionary` (`id`, `parentid`, `name`, `dictkey`, `value`, `description`, `status`, `isdefault`, `showindex`) VALUES ('280', '275', '少儿医保险种', 'indexInsuranceType_4', '少儿医保险种', '5', '1', '0', '5');
INSERT INTO `db_cz_cms`.`dictionary` (`id`, `parentid`, `name`, `dictkey`, `value`, `description`, `status`, `isdefault`, `showindex`) VALUES ('281', '275', '非从业医保险种', 'indexInsuranceType_5', '非从业医保险种', '6', '1', '0', '6');
INSERT INTO `db_cz_cms`.`dictionary` (`id`, `parentid`, `name`, `dictkey`, `value`, `description`, `status`, `isdefault`, `showindex`) VALUES ('282', '275', '新农合医保险种', 'indexInsuranceType_6', '新农合医保险种', '7', '1', '0', '7');
INSERT INTO `db_cz_cms`.`dictionary` (`id`, `parentid`, `name`, `dictkey`, `value`, `description`, `status`, `isdefault`, `showindex`) VALUES ('283', '275', '普通职工医保险种', 'indexInsuranceType_7', '普通职工医保险种', '8', '1', '0', '8');
INSERT INTO `db_cz_cms`.`dictionary` (`id`, `parentid`, `name`, `dictkey`, `value`, `description`, `status`, `isdefault`, `showindex`) VALUES ('284', '275', '双低医保(主要指农民工，低缴费低保障)', 'indexInsuranceType_8', '双低医保(主要指农民工，低缴费低保障)', '9', '1', '0', '9');
INSERT INTO `db_cz_cms`.`dictionary` (`id`, `parentid`, `name`, `dictkey`, `value`, `description`, `status`, `isdefault`, `showindex`) VALUES ('285', '1', '医保类别', 'indexInsuranceCode', '医保类别', '医保类别', '1', '0', '34');
INSERT INTO `db_cz_cms`.`dictionary` (`id`, `parentid`, `name`, `dictkey`, `value`, `description`, `status`, `isdefault`, `showindex`) VALUES ('286', '285', '城镇职工基本医疗保险', 'indexInsuranceCode_0', '城镇职工基本医疗保险', '01', '1', '0', '1');
INSERT INTO `db_cz_cms`.`dictionary` (`id`, `parentid`, `name`, `dictkey`, `value`, `description`, `status`, `isdefault`, `showindex`) VALUES ('287', '285', '城镇居民基本医疗保险', 'indexInsuranceCode_1', '城镇居民基本医疗保险', '02', '1', '0', '2');
INSERT INTO `db_cz_cms`.`dictionary` (`id`, `parentid`, `name`, `dictkey`, `value`, `description`, `status`, `isdefault`, `showindex`) VALUES ('288', '285', '新型农村合作医疗', 'indexInsuranceCode_2', '新型农村合作医疗', '03', '1', '0', '3');
INSERT INTO `db_cz_cms`.`dictionary` (`id`, `parentid`, `name`, `dictkey`, `value`, `description`, `status`, `isdefault`, `showindex`) VALUES ('289', '285', '贫困救助', 'indexInsuranceCode_3', '贫困救助', '04', '1', '0', '4');
INSERT INTO `db_cz_cms`.`dictionary` (`id`, `parentid`, `name`, `dictkey`, `value`, `description`, `status`, `isdefault`, `showindex`) VALUES ('290', '285', '商业医疗保险', 'indexInsuranceCode_4', '商业医疗保险', '05', '1', '0', '5');
INSERT INTO `db_cz_cms`.`dictionary` (`id`, `parentid`, `name`, `dictkey`, `value`, `description`, `status`, `isdefault`, `showindex`) VALUES ('291', '285', '全公费', 'indexInsuranceCode_5', '全公费', '06', '1', '0', '6');
INSERT INTO `db_cz_cms`.`dictionary` (`id`, `parentid`, `name`, `dictkey`, `value`, `description`, `status`, `isdefault`, `showindex`) VALUES ('292', '285', '全自费', 'indexInsuranceCode_6', '全自费', '07', '1', '0', '7');
INSERT INTO `db_cz_cms`.`dictionary` (`id`, `parentid`, `name`, `dictkey`, `value`, `description`, `status`, `isdefault`, `showindex`) VALUES ('293', '285', '其他', 'indexInsuranceCode_7', '其他', '99', '1', '0', '8');
INSERT INTO `db_cz_cms`.`dictionary` (`id`, `parentid`, `name`, `dictkey`, `value`, `description`, `status`, `isdefault`, `showindex`) VALUES ('294', '1', '死亡标记', 'indexInDeceasedInd', '死亡标记', '死亡标记', '1', '0', '35');
INSERT INTO `db_cz_cms`.`dictionary` (`id`, `parentid`, `name`, `dictkey`, `value`, `description`, `status`, `isdefault`, `showindex`) VALUES ('295', '294', '未死亡', 'indexInDeceasedInd_0', '未死亡', '0', '1', '0', '1');
INSERT INTO `db_cz_cms`.`dictionary` (`id`, `parentid`, `name`, `dictkey`, `value`, `description`, `status`, `isdefault`, `showindex`) VALUES ('296', '294', '已死亡', 'indexInDeceasedInd_1', '已死亡', '1', '1', '0', '2');
INSERT INTO `db_cz_cms`.`dictionary` (`id`, `parentid`, `name`, `dictkey`, `value`, `description`, `status`, `isdefault`, `showindex`) VALUES ('297', '1', '地址类别', 'indexAddressTypeCode', '地址类别', '主索引地址类别', '1', '0', '36');
INSERT INTO `db_cz_cms`.`dictionary` (`id`, `parentid`, `name`, `dictkey`, `value`, `description`, `status`, `isdefault`, `showindex`) VALUES ('298', '297', '户籍住址', 'indexAddressTypeCode_0', '户籍住址', '01', '1', '0', '1');
INSERT INTO `db_cz_cms`.`dictionary` (`id`, `parentid`, `name`, `dictkey`, `value`, `description`, `status`, `isdefault`, `showindex`) VALUES ('299', '297', '工作场所地址', 'indexAddressTypeCode_1', '工作场所地址', '02', '1', '0', '2');
INSERT INTO `db_cz_cms`.`dictionary` (`id`, `parentid`, `name`, `dictkey`, `value`, `description`, `status`, `isdefault`, `showindex`) VALUES ('300', '297', '家庭常住住址', 'indexAddressTypeCode_2', '家庭常住住址', '03', '1', '0', '3');
INSERT INTO `db_cz_cms`.`dictionary` (`id`, `parentid`, `name`, `dictkey`, `value`, `description`, `status`, `isdefault`, `showindex`) VALUES ('301', '297', '通讯地址', 'indexAddressTypeCode_3', '通讯地址', '04', '1', '0', '4');
INSERT INTO `db_cz_cms`.`dictionary` (`id`, `parentid`, `name`, `dictkey`, `value`, `description`, `status`, `isdefault`, `showindex`) VALUES ('302', '297', '暂住地址', 'indexAddressTypeCode_4', '暂住地址', '05', '1', '0', '5');
INSERT INTO `db_cz_cms`.`dictionary` (`id`, `parentid`, `name`, `dictkey`, `value`, `description`, `status`, `isdefault`, `showindex`) VALUES ('303', '297', '出生地址', 'indexAddressTypeCode_5', '出生地址', '06', '1', '0', '6');
INSERT INTO `db_cz_cms`.`dictionary` (`id`, `parentid`, `name`, `dictkey`, `value`, `description`, `status`, `isdefault`, `showindex`) VALUES ('304', '297', '产后修养地址', 'indexAddressTypeCode_6', '产后修养地址', '07', '1', '0', '7');
INSERT INTO `db_cz_cms`.`dictionary` (`id`, `parentid`, `name`, `dictkey`, `value`, `description`, `status`, `isdefault`, `showindex`) VALUES ('305', '297', '变迁地址', 'indexAddressTypeCode_7', '变迁地址', '08', '1', '0', '8');
INSERT INTO `db_cz_cms`.`dictionary` (`id`, `parentid`, `name`, `dictkey`, `value`, `description`, `status`, `isdefault`, `showindex`) VALUES ('306', '297', '现住址', 'indexAddressTypeCode_8', '现住址', '09', '1', '0', '9');
INSERT INTO `db_cz_cms`.`dictionary` (`id`, `parentid`, `name`, `dictkey`, `value`, `description`, `status`, `isdefault`, `showindex`) VALUES ('307', '297', '其他地址', 'indexAddressTypeCode_9', '其他地址', '99', '1', '0', '10');
INSERT INTO `db_cz_cms`.`dictionary` (`id`, `parentid`, `name`, `dictkey`, `value`, `description`, `status`, `isdefault`, `showindex`) VALUES ('308', '1', '联系人证件类别代码', 'indexCertificateTypeCode', '联系人证件类别代码', '主索引联系人证件类别代码', '1', '0', '37');
INSERT INTO `db_cz_cms`.`dictionary` (`id`, `parentid`, `name`, `dictkey`, `value`, `description`, `status`, `isdefault`, `showindex`) VALUES ('309', '308', '居民身份证', 'indexCertificateTypeCode_0', '居民身份证', '01', '1', '0', '1');
INSERT INTO `db_cz_cms`.`dictionary` (`id`, `parentid`, `name`, `dictkey`, `value`, `description`, `status`, `isdefault`, `showindex`) VALUES ('310', '308', '港澳居民身份证', 'indexCertificateTypeCode_1', '港澳居民身份证', '02', '1', '0', '2');
INSERT INTO `db_cz_cms`.`dictionary` (`id`, `parentid`, `name`, `dictkey`, `value`, `description`, `status`, `isdefault`, `showindex`) VALUES ('311', '308', '居民户口簿', 'indexCertificateTypeCode_2', '居民户口簿', '03', '1', '0', '3');
INSERT INTO `db_cz_cms`.`dictionary` (`id`, `parentid`, `name`, `dictkey`, `value`, `description`, `status`, `isdefault`, `showindex`) VALUES ('312', '308', '护照', 'indexCertificateTypeCode_3', '护照', '04', '1', '0', '4');
INSERT INTO `db_cz_cms`.`dictionary` (`id`, `parentid`, `name`, `dictkey`, `value`, `description`, `status`, `isdefault`, `showindex`) VALUES ('313', '308', '军官证', 'indexCertificateTypeCode_4', '军官证', '05', '1', '0', '5');
INSERT INTO `db_cz_cms`.`dictionary` (`id`, `parentid`, `name`, `dictkey`, `value`, `description`, `status`, `isdefault`, `showindex`) VALUES ('314', '308', '文职干部证', 'indexCertificateTypeCode_5', '文职干部证', '06', '1', '0', '6');
INSERT INTO `db_cz_cms`.`dictionary` (`id`, `parentid`, `name`, `dictkey`, `value`, `description`, `status`, `isdefault`, `showindex`) VALUES ('315', '308', '士兵证', 'indexCertificateTypeCode_6', '士兵证', '07', '1', '0', '7');
INSERT INTO `db_cz_cms`.`dictionary` (`id`, `parentid`, `name`, `dictkey`, `value`, `description`, `status`, `isdefault`, `showindex`) VALUES ('316', '308', '驾驶执照', 'indexCertificateTypeCode_7', '驾驶执照', '08', '1', '0', '8');
INSERT INTO `db_cz_cms`.`dictionary` (`id`, `parentid`, `name`, `dictkey`, `value`, `description`, `status`, `isdefault`, `showindex`) VALUES ('317', '308', '残疾证', 'indexCertificateTypeCode_8', '残疾证', '09', '1', '0', '9');
INSERT INTO `db_cz_cms`.`dictionary` (`id`, `parentid`, `name`, `dictkey`, `value`, `description`, `status`, `isdefault`, `showindex`) VALUES ('318', '308', '医疗保险证', 'indexCertificateTypeCode_9', '医疗保险证', '10', '1', '0', '10');
INSERT INTO `db_cz_cms`.`dictionary` (`id`, `parentid`, `name`, `dictkey`, `value`, `description`, `status`, `isdefault`, `showindex`) VALUES ('319', '308', '出生证明', 'indexCertificateTypeCode_10', '出生证明', '11', '1', '0', '11');
INSERT INTO `db_cz_cms`.`dictionary` (`id`, `parentid`, `name`, `dictkey`, `value`, `description`, `status`, `isdefault`, `showindex`) VALUES ('320', '308', '家庭标识', 'indexCertificateTypeCode_11', '家庭标识', '12', '1', '0', '12');
INSERT INTO `db_cz_cms`.`dictionary` (`id`, `parentid`, `name`, `dictkey`, `value`, `description`, `status`, `isdefault`, `showindex`) VALUES ('321', '308', '住院病历', 'indexCertificateTypeCode_12', '住院病历', '13', '1', '0', '13');
INSERT INTO `db_cz_cms`.`dictionary` (`id`, `parentid`, `name`, `dictkey`, `value`, `description`, `status`, `isdefault`, `showindex`) VALUES ('322', '308', '住院床位', 'indexCertificateTypeCode_13', '住院床位', '14', '1', '0', '14');
INSERT INTO `db_cz_cms`.`dictionary` (`id`, `parentid`, `name`, `dictkey`, `value`, `description`, `status`, `isdefault`, `showindex`) VALUES ('323', '308', '门诊病历', 'indexCertificateTypeCode_14', '门诊病历', '15', '1', '0', '15');
INSERT INTO `db_cz_cms`.`dictionary` (`id`, `parentid`, `name`, `dictkey`, `value`, `description`, `status`, `isdefault`, `showindex`) VALUES ('324', '308', '死亡证明', 'indexCertificateTypeCode_15', '死亡证明', '16', '1', '0', '16');
INSERT INTO `db_cz_cms`.`dictionary` (`id`, `parentid`, `name`, `dictkey`, `value`, `description`, `status`, `isdefault`, `showindex`) VALUES ('325', '308', '其他标示', 'indexCertificateTypeCode_16', '其他标示', '99', '1', '0', '17');
INSERT INTO `db_cz_cms`.`dictionary` (`id`, `parentid`, `name`, `dictkey`, `value`, `description`, `status`, `isdefault`, `showindex`) VALUES ('326', '1', '医院等级', 'hospitalLevel', '医院等级', '医院等级', '1', '0', '38');
INSERT INTO `db_cz_cms`.`dictionary` (`id`, `parentid`, `name`, `dictkey`, `value`, `description`, `status`, `isdefault`, `showindex`) VALUES ('330', '1', '医院类型', 'hospitalType', '医院类型', '医院类型', '1', '0', '39');
INSERT INTO `db_cz_cms`.`dictionary` (`id`, `parentid`, `name`, `dictkey`, `value`, `description`, `status`, `isdefault`, `showindex`) VALUES ('331', '330', 'B', 'hospitalType_0', 'B', 'B', '1', '0', '1');
INSERT INTO `db_cz_cms`.`dictionary` (`id`, `parentid`, `name`, `dictkey`, `value`, `description`, `status`, `isdefault`, `showindex`) VALUES ('332', '330', 'C', 'hospitalType_1', 'C', 'C', '1', '0', '2');
INSERT INTO `db_cz_cms`.`dictionary` (`id`, `parentid`, `name`, `dictkey`, `value`, `description`, `status`, `isdefault`, `showindex`) VALUES ('333', '330', 'D', 'hospitalType_2', 'D', 'D', '1', '0', '3');
INSERT INTO `db_cz_cms`.`dictionary` (`id`, `parentid`, `name`, `dictkey`, `value`, `description`, `status`, `isdefault`, `showindex`) VALUES ('334', '330', 'S', 'hospitalType_3', 'S', 'S', '1', '0', '4');
INSERT INTO `db_cz_cms`.`dictionary` (`id`, `parentid`, `name`, `dictkey`, `value`, `description`, `status`, `isdefault`, `showindex`) VALUES ('335', '1', '医院类型名称', 'hospitalName', '医院类型名称', '医院类型名称', '1', '0', '39');
INSERT INTO `db_cz_cms`.`dictionary` (`id`, `parentid`, `name`, `dictkey`, `value`, `description`, `status`, `isdefault`, `showindex`) VALUES ('336', '335', '综合医院', 'hospitalName_0', '综合医院', '综合医院', '1', '0', '1');
INSERT INTO `db_cz_cms`.`dictionary` (`id`, `parentid`, `name`, `dictkey`, `value`, `description`, `status`, `isdefault`, `showindex`) VALUES ('337', '335', '专科医院', 'hospitalName_1', '专科医院', '专科医院', '1', '0', '2');
INSERT INTO `db_cz_cms`.`dictionary` (`id`, `parentid`, `name`, `dictkey`, `value`, `description`, `status`, `isdefault`, `showindex`) VALUES ('338', '335', '中医', 'hospitalName_2', '中医', '中医', '1', '0', '3');
INSERT INTO `db_cz_cms`.`dictionary` (`id`, `parentid`, `name`, `dictkey`, `value`, `description`, `status`, `isdefault`, `showindex`) VALUES ('339', '1', '卡状态', 'cardStatus', '卡状态', '卡状态', '1', '0', '40');
INSERT INTO `db_cz_cms`.`dictionary` (`id`, `parentid`, `name`, `dictkey`, `value`, `description`, `status`, `isdefault`, `showindex`) VALUES ('340', '339', '正常', 'cardStatus_0', '正常', '0', '1', '0', '1');
INSERT INTO `db_cz_cms`.`dictionary` (`id`, `parentid`, `name`, `dictkey`, `value`, `description`, `status`, `isdefault`, `showindex`) VALUES ('341', '339', '挂失', 'cardStatus_1', '挂失', '1', '1', '0', '2');
INSERT INTO `db_cz_cms`.`dictionary` (`id`, `parentid`, `name`, `dictkey`, `value`, `description`, `status`, `isdefault`, `showindex`) VALUES ('342', '339', '注销', 'cardStatus_2', '注销', '2', '1', '0', '3');
INSERT INTO `db_cz_cms`.`dictionary` (`id`, `parentid`, `name`, `dictkey`, `value`, `description`, `status`, `isdefault`, `showindex`) VALUES ('343', '339', '失效', 'cardStatus_3', '失效', '3', '1', '0', '4');
INSERT INTO `db_cz_cms`.`dictionary` (`id`, `parentid`, `name`, `dictkey`, `value`, `description`, `status`, `isdefault`, `showindex`) VALUES ('344', '1', '卡类别', 'cardTypeCode', '卡类别', '卡类别', '1', '0', '41');
INSERT INTO `db_cz_cms`.`dictionary` (`id`, `parentid`, `name`, `dictkey`, `value`, `description`, `status`, `isdefault`, `showindex`) VALUES ('345', '344', '健康卡', 'cardTypeCode_0', '健康卡', '01', '1', '0', '1');
INSERT INTO `db_cz_cms`.`dictionary` (`id`, `parentid`, `name`, `dictkey`, `value`, `description`, `status`, `isdefault`, `showindex`) VALUES ('346', '344', '市民卡', 'cardTypeCode_1', '市民卡', '02', '1', '0', '2');
INSERT INTO `db_cz_cms`.`dictionary` (`id`, `parentid`, `name`, `dictkey`, `value`, `description`, `status`, `isdefault`, `showindex`) VALUES ('347', '344', '社保卡', 'cardTypeCode_2', '社保卡', '03', '1', '0', '3');
INSERT INTO `db_cz_cms`.`dictionary` (`id`, `parentid`, `name`, `dictkey`, `value`, `description`, `status`, `isdefault`, `showindex`) VALUES ('348', '344', '就诊卡', 'cardTypeCode_3', '就诊卡', '04', '1', '0', '4');
INSERT INTO `db_cz_cms`.`dictionary` (`id`, `parentid`, `name`, `dictkey`, `value`, `description`, `status`, `isdefault`, `showindex`) VALUES ('349', '344', '其他', 'cardTypeCode_4', '其他', '99', '1', '0', '5');
INSERT INTO `db_cz_cms`.`dictionary` (`id`, `parentid`, `name`, `dictkey`, `value`, `description`, `status`, `isdefault`, `showindex`) VALUES ('350', '1', '联系方式', 'contactWayTypeCode', '联系方式', '联系方式', '1', '0', '42');
INSERT INTO `db_cz_cms`.`dictionary` (`id`, `parentid`, `name`, `dictkey`, `value`, `description`, `status`, `isdefault`, `showindex`) VALUES ('351', '350', '本人电话', 'contactWayTypeCode_0', '本人电话', '01', '1', '0', '1');
INSERT INTO `db_cz_cms`.`dictionary` (`id`, `parentid`, `name`, `dictkey`, `value`, `description`, `status`, `isdefault`, `showindex`) VALUES ('352', '350', '配偶电话', 'contactWayTypeCode_1', '配偶电话', '02', '1', '0', '2');
INSERT INTO `db_cz_cms`.`dictionary` (`id`, `parentid`, `name`, `dictkey`, `value`, `description`, `status`, `isdefault`, `showindex`) VALUES ('353', '350', '监督人电话', 'contactWayTypeCode_2', '监督人电话', '03', '1', '0', '3');
INSERT INTO `db_cz_cms`.`dictionary` (`id`, `parentid`, `name`, `dictkey`, `value`, `description`, `status`, `isdefault`, `showindex`) VALUES ('354', '350', '家庭电话', 'contactWayTypeCode_3', '家庭电话', '04', '1', '0', '4');
INSERT INTO `db_cz_cms`.`dictionary` (`id`, `parentid`, `name`, `dictkey`, `value`, `description`, `status`, `isdefault`, `showindex`) VALUES ('355', '350', '工作单位电话', 'contactWayTypeCode_4', '工作单位电话', '05', '1', '0', '5');
INSERT INTO `db_cz_cms`.`dictionary` (`id`, `parentid`, `name`, `dictkey`, `value`, `description`, `status`, `isdefault`, `showindex`) VALUES ('356', '350', '居委会电话', 'contactWayTypeCode_5', '居委会电话', '06', '1', '0', '6');
INSERT INTO `db_cz_cms`.`dictionary` (`id`, `parentid`, `name`, `dictkey`, `value`, `description`, `status`, `isdefault`, `showindex`) VALUES ('357', '350', '电子邮件', 'contactWayTypeCode_6', '电子邮件', '07', '1', '0', '7');
INSERT INTO `db_cz_cms`.`dictionary` (`id`, `parentid`, `name`, `dictkey`, `value`, `description`, `status`, `isdefault`, `showindex`) VALUES ('358', '350', 'MSN', 'contactWayTypeCode_7', 'MSN', '08', '1', '0', '8');
INSERT INTO `db_cz_cms`.`dictionary` (`id`, `parentid`, `name`, `dictkey`, `value`, `description`, `status`, `isdefault`, `showindex`) VALUES ('359', '350', 'QQ', 'contactWayTypeCode_8', 'QQ', '09', '1', '0', '9');
INSERT INTO `db_cz_cms`.`dictionary` (`id`, `parentid`, `name`, `dictkey`, `value`, `description`, `status`, `isdefault`, `showindex`) VALUES ('360', '350', '其他', 'contactWayTypeCode_9', '其他', '99', '1', '0', '10');
INSERT INTO `db_cz_cms`.`dictionary` (`id`, `parentid`, `name`, `dictkey`, `value`, `description`, `status`, `isdefault`, `showindex`) VALUES ('361', '326', '一级甲等', 'hospitalLevel_0', '一级甲等', '一级甲等', '1', '0', '1');
INSERT INTO `db_cz_cms`.`dictionary` (`id`, `parentid`, `name`, `dictkey`, `value`, `description`, `status`, `isdefault`, `showindex`) VALUES ('362', '326', '二级甲等', 'hospitalLevel_1', '二级甲等', '二级甲等', '1', '0', '2');
INSERT INTO `db_cz_cms`.`dictionary` (`id`, `parentid`, `name`, `dictkey`, `value`, `description`, `status`, `isdefault`, `showindex`) VALUES ('363', '326', '三级甲等', 'hospitalLevel_2', '三级甲等', '三级甲等', '1', '0', '3');
INSERT INTO `db_cz_cms`.`dictionary` (`id`, `parentid`, `name`, `dictkey`, `value`, `description`, `status`, `isdefault`, `showindex`) VALUES ('364', '326', '一级乙等', 'hospitalLevel_3', '一级乙等', '一级乙等', '1', '0', '4');
INSERT INTO `db_cz_cms`.`dictionary` (`id`, `parentid`, `name`, `dictkey`, `value`, `description`, `status`, `isdefault`, `showindex`) VALUES ('365', '326', '二级乙等', 'hospitalLevel_4', '二级乙等', '二级乙等', '1', '0', '5');
INSERT INTO `db_cz_cms`.`dictionary` (`id`, `parentid`, `name`, `dictkey`, `value`, `description`, `status`, `isdefault`, `showindex`) VALUES ('366', '326', '三级乙等', 'hospitalLevel_5', '三级乙等', '三级乙等', '1', '0', '6');
INSERT INTO `db_cz_cms`.`dictionary` (`id`, `parentid`, `name`, `dictkey`, `value`, `description`, `status`, `isdefault`, `showindex`) VALUES ('367', '326', '一级丙等', 'hospitalLevel_6', '一级丙等', '一级丙等', '1', '0', '7');
INSERT INTO `db_cz_cms`.`dictionary` (`id`, `parentid`, `name`, `dictkey`, `value`, `description`, `status`, `isdefault`, `showindex`) VALUES ('368', '326', '二级丙等', 'hospitalLevel_7', '二级丙等', '二级丙等', '1', '0', '8');
INSERT INTO `db_cz_cms`.`dictionary` (`id`, `parentid`, `name`, `dictkey`, `value`, `description`, `status`, `isdefault`, `showindex`) VALUES ('369', '326', '三级丙等', 'hospitalLevel_8', '三级丙等', '三级丙等', '1', '0', '9');
INSERT INTO `db_cz_cms`.`dictionary` (`id`, `parentid`, `name`, `dictkey`, `value`, `description`, `status`, `isdefault`, `showindex`) VALUES ('370', '1', '工作类别代码', 'workCode', '工作类别代码', '工作类别代码', '1', '0', '12');
INSERT INTO `db_cz_cms`.`dictionary` (`id`, `parentid`, `name`, `dictkey`, `value`, `description`, `status`, `isdefault`, `showindex`) VALUES ('371', '370', '国家机关、党群组织、企业、事业单位负责人', 'workCode_0', '国家机关、党群组织、企业、事业单位负责人', '0', '1', '0', '1');
INSERT INTO `db_cz_cms`.`dictionary` (`id`, `parentid`, `name`, `dictkey`, `value`, `description`, `status`, `isdefault`, `showindex`) VALUES ('372', '370', '专业技术人员', 'workCode_1', '专业技术人员', '1/2', '1', '0', '2');
INSERT INTO `db_cz_cms`.`dictionary` (`id`, `parentid`, `name`, `dictkey`, `value`, `description`, `status`, `isdefault`, `showindex`) VALUES ('373', '370', '办事人员和有关人员', 'workCode_2', '办事人员和有关人员', '3', '1', '0', '3');
INSERT INTO `db_cz_cms`.`dictionary` (`id`, `parentid`, `name`, `dictkey`, `value`, `description`, `status`, `isdefault`, `showindex`) VALUES ('374', '370', '商业、服务业人员', 'workCode_3', '商业、服务业人员', '4', '1', '0', '4');
INSERT INTO `db_cz_cms`.`dictionary` (`id`, `parentid`, `name`, `dictkey`, `value`, `description`, `status`, `isdefault`, `showindex`) VALUES ('375', '370', '农、林、牧、渔、水利业生产人员', 'workCode_4', '农、林、牧、渔、水利业生产人员', '5', '1', '0', '5');
INSERT INTO `db_cz_cms`.`dictionary` (`id`, `parentid`, `name`, `dictkey`, `value`, `description`, `status`, `isdefault`, `showindex`) VALUES ('376', '370', '生产、运输设备操作人员及有关人员', 'workCode_5', '生产、运输设备操作人员及有关人员', '9-9', '1', '0', '6');
INSERT INTO `db_cz_cms`.`dictionary` (`id`, `parentid`, `name`, `dictkey`, `value`, `description`, `status`, `isdefault`, `showindex`) VALUES ('377', '370', '军人', 'workCode_6', '军人', 'X', '1', '0', '7');
INSERT INTO `db_cz_cms`.`dictionary` (`id`, `parentid`, `name`, `dictkey`, `value`, `description`, `status`, `isdefault`, `showindex`) VALUES ('378', '370', '不便分类的其他从业人员', 'workCode_7', '不便分类的其他从业人员', 'Y', '1', '0', '8');
INSERT INTO `db_cz_cms`.`dictionary` (`id`, `parentid`, `name`, `dictkey`, `value`, `description`, `status`, `isdefault`, `showindex`) VALUES ('379', '38', '其他', 'nation_56', '其他', '97', '1', '0', '57');
INSERT INTO `db_cz_cms`.`dictionary` (`id`, `parentid`, `name`, `dictkey`, `value`, `description`, `status`, `isdefault`, `showindex`) VALUES ('380', '38', '外国血统', 'nation_57', '外国血统', '98', '1', '0', '58');


-- ------------
